{
  "openapi": "3.0.1",
  "info": {
    "title": "CMDS INSPERA",
    "version": "1.0",
    "description": "This swagger documentation describes webhook requests raised from Inspera to CMDS. CMDS Distribution Partner API needs to implement and be fully compliant with this specification.",
    "license": {
      "name": "Private"
    }
  },
  "tags": [
    {
      "name": "Inspera Webhook Events"
    }
  ],
  "paths": {
    "/v1/compositefinalgradesetevent": {
      "post": {
        "tags": ["Inspera Webhook Events"],
        "requestBody": {
          "content": {
            "application/json": {
              "schema": {
                "$ref": "#/components/schemas/ParentInsperaRequestEventNodeV1"
              }
            }
          },
          "required": true
        },
        "responses": {
          "200": {
            "description": "200 response",
            "content": {}
          },
          "400": {
            "description": "400 response",
            "content": {}
          }
        }
      }
    },
    "/v1/marksandgradesbyroundexportfinished": {
      "post": {
        "tags": ["Inspera Webhook Events"],
        "requestBody": {
          "content": {
            "application/json": {
              "schema": {
                "$ref": "#/components/schemas/ParentInsperaContentEventNodeV1"
              }
            }
          },
          "required": true
        },
        "responses": {
          "200": {
            "description": "200 response",
            "content": {}
          },
          "400": {
            "description": "400 response",
            "content": {}
          }
        }
      }
    },
    "/v1/testdaymaterialapproved": {
      "post": {
        "tags": ["Testday Materials Inspera Webhook Events"],
        "requestBody": {
          "content": {
            "application/json": {
              "schema": {
                "$ref": "#/components/schemas/TDMWebhookCbParentInsperaApprovedNodeV1"
              }
            }
          },
          "required": true
        },
        "responses": {
          "200": {
            "description": "200 response"
          },
          "400": {
            "description": "400 response"
          },
          "401": {
            "description": "401 Unauthorized"
          },
          "403": {
            "description": "403 Forbidden"
          }
        },
        "parameters": [
          {
            "$ref": "#/components/parameters/XInsperaSignature"
          }
        ]
      }
    },
    "/v1/testdaymaterialready": {
      "post": {
        "tags": ["Testday Materials Inspera Webhook Events"],
        "requestBody": {
          "content": {
            "application/json": {
              "schema": {
                "$ref": "#/components/schemas/TDMWebhookCbParentInsperaExportNodeV1"
              }
            }
          },
          "required": true
        },
        "responses": {
          "200": {
            "description": "200 response"
          },
          "400": {
            "description": "400 response"
          },
          "401": {
            "description": "401 Unauthorized"
          },
          "403": {
            "description": "403 Forbidden"
          }
        },
        "parameters": [
          {
            "$ref": "#/components/parameters/XInsperaSignature"
          }
        ]
      }
    },
    "/v1/testtakerhistoryrequest": {
      "post": {
        "tags": ["TestTakerHistoryAPI"],
        "summary": "Endpoint for Inspera to post test taker history request",
        "requestBody": {
          "content": {
            "application/json": {
              "schema": {
                "$ref": "#/components/schemas/TtHistoryRequested"
              }
            }
          },
          "required": true
        },
        "responses": {
          "200": {
            "description": "OK"
          },
          "400": {
            "description": "Invalid request"
          },
          "401": {
            "description": "Unauthorized"
          },
          "403": {
            "description": "Forbidden"
          }
        },
        "parameters": [
          {
            "$ref": "#/components/parameters/correlationId"
          },
          {
            "$ref": "#/components/parameters/eventDateTime"
          },
          {
            "$ref": "#/components/parameters/XAccessToken"
          }
        ]
      }
    },
    "/v1/prcrecommendation": {
      "post": {
        "tags": ["PRC API"],
        "requestBody": {
          "content": {
            "application/json": {
              "schema": {
                "$ref": "#/components/schemas/PRCRecommendationNodeV1"
              }
            }
          },
          "required": true
        },
        "responses": {
          "200": {
            "description": "OK"
          },
          "400": {
            "description": "Invalid Request"
          },
          "401": {
            "description": "Unauthorized"
          },
          "403": {
            "description": "Forbidden"
          }
        },
        "parameters": [
          {
            "$ref": "#/components/parameters/correlationId"
          },
          {
            "$ref": "#/components/parameters/eventDateTime"
          },
          {
            "$ref": "#/components/parameters/XAccessToken"
          }
        ]
      }
    },
    "/v1/testtakerphotosavailable": {
      "post": {
        "tags": ["TT Photos Captured Inspera Webhook Events"],
        "requestBody": {
          "content": {
            "application/json": {
              "schema": {
                "$ref": "#/components/schemas/TTPhotoWebhookCbParentInsperaNodeV1"
              }
            }
          },
          "required": true
        },
        "responses": {
          "200": {
            "description": "200 response"
          },
          "400": {
            "description": "400 response"
          },
          "401": {
            "description": "401 Unauthorized"
          },
          "403": {
            "description": "403 Forbidden"
          }
        },
        "parameters": [
          {
            "$ref": "#/components/parameters/XInsperaSignature"
          }
        ]
      }
    },
    "/v1/jaggedanalysiscomplete": {
      "post": {
        "tags": ["Jagged Re-mark Request Inspera Webhook Events"],
        "requestBody": {
          "content": {
            "application/json": {
              "schema": {
                "$ref": "#/components/schemas/JaggedWebhookCbParentInsperaNodeV1"
              }
            }
          },
          "required": true
        },
        "responses": {
          "200": {
            "description": "200 response"
          },
          "400": {
            "description": "400 response"
          },
          "401": {
            "description": "401 Unauthorized"
          },
          "403": {
            "description": "403 Forbidden"
          }
        },
        "parameters": [
          {
            "$ref": "#/components/parameters/XInsperaSignature"
          }
        ]
      }
    },
    "/v1/candidateIdVerified": {
      "post": {
        "tags": ["Incident Management Inspera Webhook Events"],
        "requestBody": {
          "content": {
            "application/json": {
              "schema": {
                "$ref": "#/components/schemas/IdCheckVerifiedWebhookCbParentInsperaNodeV1"
              }
            }
          },
          "required": true
        },
        "responses": {
          "200": {
            "description": "200 response"
          },
          "400": {
            "description": "400 response"
          },
          "401": {
            "description": "401 Unauthorized"
          },
          "403": {
            "description": "403 Forbidden"
          }
        },
        "parameters": [
          {
            "$ref": "#/components/parameters/XInsperaSignature"
          }
        ]
      }
    },
    "/v1/candidateIdRejected": {
      "post": {
        "tags": ["Incident Management Inspera Webhook Events"],
        "requestBody": {
          "content": {
            "application/json": {
              "schema": {
                "$ref": "#/components/schemas/IdCheckRejectedWebhookCbParentInsperaNodeV1"
              }
            }
          },
          "required": true
        },
        "responses": {
          "200": {
            "description": "200 response"
          },
          "400": {
            "description": "400 response"
          },
          "401": {
            "description": "401 Unauthorized"
          },
          "403": {
            "description": "403 Forbidden"
          }
        },
        "parameters": [
          {
            "$ref": "#/components/parameters/XInsperaSignature"
          }
        ]
      }
    },
    "/v1/candidateIdRequiresFollowUp": {
      "post": {
        "tags": ["Incident Management Inspera Webhook Events"],
        "requestBody": {
          "content": {
            "application/json": {
              "schema": {
                "$ref": "#/components/schemas/IdCheckRequiresFollowUpWebhookCbParentInsperaNodeV1"
              }
            }
          },
          "required": true
        },
        "responses": {
          "200": {
            "description": "200 response"
          },
          "400": {
            "description": "400 response"
          },
          "401": {
            "description": "401 Unauthorized"
          },
          "403": {
            "description": "403 Forbidden"
          }
        },
        "parameters": [
          {
            "$ref": "#/components/parameters/XInsperaSignature"
          }
        ]
      }
    },
    "/v1/candidateFlagAdded": {
      "post": {
        "description": "Webhook to inform that incident has been raised",
        "parameters": [
          {
            "description": "HMAC SHA1 hash of request",
            "in": "header",
            "name": "X-Inspera-Signature",
            "required": true,
            "schema": {
              "type": "string"
            }
          }
        ],
        "requestBody": {
          "required": true,
          "content": {
            "application/json": {
              "schema": {
                "$ref": "#/components/schemas/CandidateFlagAddedWebhookCbParentInsperaNodeV1"
              },
              "example": {
                "event": "added_generic_candidate_flag",
                "subscriptionId": 345988,
                "marketplaceId": 48986474,
                "contextObjectId": 88892106,
                "contextObjectType": "ASSESSMENT_RUN",
                "eventId": "AX_cUoL2xZij5ffFHBvU",
                "associatedObjectId": 88892162,
                "associatedObjectType": "candidate",
                "associatedObjectExternalUserIds": [
                  {
                    "authType": "IELTS_COMPOSITE_ID",
                    "externalUserId": "RES704"
                  }
                ],
                "triggeringUserId": 48987315,
                "triggeringUserExternalUserIds": [
                  {
                    "authType": "GENERIC_SAML",
                    "externalUserId": "auth0|5e7b725cc8914a0c77247885"
                  }
                ],
                "triggeringUserName": "Chirag Rao",
                "timestamp": "2022-02-16T12:10:38Z",
                "flaggingInfo": {
                  "flagType": "malpractice_id_not_verified",
                  "flagSubTypes": ["id_document_mismatch"],
                  "comment": "id document is not matching",
                  "severityLevel": "warning"
                },
                "attachedFiles": [
                  {
                    "fileName": "sample.pdf",
                    "contentItemId": 88905509,
                    "fileSize": 1253607,
                    "preSignedUrl": "https://insperalearning-stage.s3.amazonaws.com/fjordias/2022/03/29/a1fbe67b-5411-45cf-82a3-de546a7f9bde.pdf?response-content-disposition=inline%3B%20filename%3D%22sample3.pdf%22&response-content-encoding=UTF-8&response-content-type=application%2Fpdf&x-amz-security-token=IQoJb3JpZ2luX2VjEEoaCWV1LXdlc3QtMSJIMEYCIQDx4Gg9VuNNP7t14FrRl7TYx6NuQaKDJG32dRRfEo2iNgIhALJ9LE%2BQWPLcYqfKoF%2FA2p5kWYhJO5Hju4Vmf2cx%2FVCqKugDCNP%2F%2F%2F%2F%2F%2F%2F%2F%2F%2FwEQABoMNTUwMzI1MjI3Nzk1IgyF90Mq00F2E5%2FPa3YqvAN0cwt%2BhIpjaZtmrO7eNhd5YAFO%2Beu7SM9ewEVl2Uz4tF1%2FnFeapt82Kg2BKGjRWJP4CkgdNz8SBzxvkoc31VcLBCGK587VWy%2F8gXQV86OgRtuvfqcWSHVMOksT1kkteHynZi%2BKYwixVeGcxLnSen2sUPV6qBb7OA8gmYwKuFcYFafnoyLRFYYC2GVjai9XpyCPa7y5x8u4QjzgofmrsBpmzjAooJnlNBh2gDXIOPgeqhxmeuihdLR76oEO9rKs3EFWd%2B6EzupRBc7I9aLnT5XnOKQKq1%2BNR3xrBz%2F1TFyHoxIGamf0eH7o8NHealuvz1lCOFytMfCBzcJqWBA3VCRh%2BlLFikZeroB3laLF%2B6KSk2tCLSEvf9y%2FZNnxZSSAmULFkAAfuWOLj8%2FDIGSXLq4iuIMqK9t6jWpO%2Bb%2BR2Y%2BxCrPtuGSi%2BMM2ACKUzRPG4CpAuhHA%2BVQgc1x4wXpr2Jp%2FmjLN5TnuKhwHkFz8AiLNjqnwh0ixXE1FQSbKTCKUqnkbgbSag%2BU0qH74W%2BuFdtzc5UY0F9I2FXuWy9ddmMoWJTXgbkvXjf%2BjyAEUolnWCW8tt0Rg0X%2FikUD8x34w4K%2BLkgY6pAFXGUAehO%2F%2BPNOOUmSIPE6TU7vxI%2BUR6ctMLvgP3uaQyzKjiXAQ0f0vn2qvyoOq0kBEaehiM92vO3pbrxg4yPzzU1lm%2BnmlhIpvZKN%2Fdc52ftUDkjJrtIVXUlxCJBBTddSu9jMFY6wwNRwuTT17No13TzoSt%2B12CVhCeQcXMIEjnYhLhlIbnBjBTdUrSKsEZkgrzY5icFtTuFpUuMufHE31nNl3DQ%3D%3D&AWSAccessKeyId=ASIAYAIPQSEJVYESIZPK&Expires=1648554030&Signature=ucPwH5ujt%2B1WGw%2BVESSXznwuFv4%3D"
                  }
                ]
              }
            }
          }
        },
        "responses": {
          "200": {
            "description": "200 Response"
          },
          "400": {
            "description": "400 Invalid request"
          },
          "401": {
            "description": "401 Unauthorized"
          },
          "403": {
            "description": "403 Forbidden"
          }
        },
        "tags": ["Test Day Incident web hook events"]
      }
    },
    "/v1/incidentReportAddedToLoggedEvent": {
      "post": {
        "description": "Webhook to inform that incident report has been added to an existing logged event",
        "parameters": [
          {
            "description": "HMAC SHA1 hash of request",
            "in": "header",
            "name": "X-Inspera-Signature",
            "required": true,
            "schema": {
              "type": "string"
            }
          }
        ],
        "requestBody": {
          "required": true,
          "content": {
            "application/json": {
              "schema": {
                "$ref": "#/components/schemas/IncidentReportAddedToLoggedEventWebhookCbParentInsperaNodeV1"
              },
              "example": {
                "event": "incident_report_added_to_logged_event",
                "subscriptionId": 345988,
                "marketplaceId": 48986474,
                "contextObjectId": 88892106,
                "contextObjectType": "ASSESSMENT_RUN",
                "eventId": "AX_cUoL2xZij5ffFHBvU",
                "associatedObjectId": 88892162,
                "associatedObjectType": "candidate",
                "associatedObjectExternalUserIds": [
                  {
                    "authType": "IELTS_COMPOSITE_ID",
                    "externalUserId": "RES704"
                  }
                ],
                "triggeringUserId": 48987315,
                "triggeringUserExternalUserIds": [
                  {
                    "authType": "GENERIC_SAML",
                    "externaluserId": "auth0|5e7b725cc8914a0c77247885"
                  }
                ],
                "triggeringUserName": "Chirag Rao",
                "timestamp": "2022-02-16T12:10:38Z",
                "extraInfo": {
                  "type": "JSON",
                  "value": {
                    "referenceEventId": "AX_VPxTrLhO0Z6t98cw0"
                  }
                },
                "flaggingInfo": {
                  "flagType": "malpractice_id_not_verified",
                  "flagSubTypes": ["id_document_mismatch"],
                  "comment": "id document is not matching",
                  "severityLevel": "warning"
                },
                "attachedFiles": [
                  {
                    "fileName": "sample.pdf",
                    "contentItemId": 88905509,
                    "fileSize": 1253607,
                    "preSignedUrl": "https://insperalearning-stage.s3.amazonaws.com/fjordias/2022/03/29/a1fbe67b-5411-45cf-82a3-de546a7f9bde.pdf?response-content-disposition=inline%3B%20filename%3D%22sample3.pdf%22&response-content-encoding=UTF-8&response-content-type=application%2Fpdf&x-amz-security-token=IQoJb3JpZ2luX2VjEEoaCWV1LXdlc3QtMSJIMEYCIQDx4Gg9VuNNP7t14FrRl7TYx6NuQaKDJG32dRRfEo2iNgIhALJ9LE%2BQWPLcYqfKoF%2FA2p5kWYhJO5Hju4Vmf2cx%2FVCqKugDCNP%2F%2F%2F%2F%2F%2F%2F%2F%2F%2FwEQABoMNTUwMzI1MjI3Nzk1IgyF90Mq00F2E5%2FPa3YqvAN0cwt%2BhIpjaZtmrO7eNhd5YAFO%2Beu7SM9ewEVl2Uz4tF1%2FnFeapt82Kg2BKGjRWJP4CkgdNz8SBzxvkoc31VcLBCGK587VWy%2F8gXQV86OgRtuvfqcWSHVMOksT1kkteHynZi%2BKYwixVeGcxLnSen2sUPV6qBb7OA8gmYwKuFcYFafnoyLRFYYC2GVjai9XpyCPa7y5x8u4QjzgofmrsBpmzjAooJnlNBh2gDXIOPgeqhxmeuihdLR76oEO9rKs3EFWd%2B6EzupRBc7I9aLnT5XnOKQKq1%2BNR3xrBz%2F1TFyHoxIGamf0eH7o8NHealuvz1lCOFytMfCBzcJqWBA3VCRh%2BlLFikZeroB3laLF%2B6KSk2tCLSEvf9y%2FZNnxZSSAmULFkAAfuWOLj8%2FDIGSXLq4iuIMqK9t6jWpO%2Bb%2BR2Y%2BxCrPtuGSi%2BMM2ACKUzRPG4CpAuhHA%2BVQgc1x4wXpr2Jp%2FmjLN5TnuKhwHkFz8AiLNjqnwh0ixXE1FQSbKTCKUqnkbgbSag%2BU0qH74W%2BuFdtzc5UY0F9I2FXuWy9ddmMoWJTXgbkvXjf%2BjyAEUolnWCW8tt0Rg0X%2FikUD8x34w4K%2BLkgY6pAFXGUAehO%2F%2BPNOOUmSIPE6TU7vxI%2BUR6ctMLvgP3uaQyzKjiXAQ0f0vn2qvyoOq0kBEaehiM92vO3pbrxg4yPzzU1lm%2BnmlhIpvZKN%2Fdc52ftUDkjJrtIVXUlxCJBBTddSu9jMFY6wwNRwuTT17No13TzoSt%2B12CVhCeQcXMIEjnYhLhlIbnBjBTdUrSKsEZkgrzY5icFtTuFpUuMufHE31nNl3DQ%3D%3D&AWSAccessKeyId=ASIAYAIPQSEJVYESIZPK&Expires=1648554030&Signature=ucPwH5ujt%2B1WGw%2BVESSXznwuFv4%3D"
                  }
                ]
              }
            }
          }
        },
        "responses": {
          "200": {
            "description": "200 Response"
          },
          "400": {
            "description": "400 Invalid request"
          },
          "401": {
            "description": "401 Unauthorized"
          },
          "403": {
            "description": "403 Forbidden"
          }
        },
        "tags": ["Test Day Incident web hook events"]
      }
    },
    "/v1/filesAttachedToLoggedEvent": {
      "post": {
        "description": "Webhook to inform that file(s) has been added to an existing logged event",
        "parameters": [
          {
            "description": "HMAC SHA1 hash of request",
            "in": "header",
            "name": "X-Inspera-Signature",
            "required": true,
            "schema": {
              "type": "string"
            }
          }
        ],
        "requestBody": {
          "required": true,
          "content": {
            "application/json": {
              "schema": {
                "$ref": "#/components/schemas/FilesAttachedToLoggedEventWebhookCbParentInsperaNodeV1"
              },
              "example": {
                "event": "files_attached_to_logged_event",
                "subscriptionId": 345988,
                "marketplaceId": 48986474,
                "contextObjectId": 88892106,
                "contextObjectType": "ASSESSMENT_RUN",
                "eventId": "AX_cUoL2xZij5ffFHBvU",
                "associatedObjectId": 88892162,
                "associatedObjectType": "candidate",
                "associatedObjectExternalUserIds": [
                  {
                    "authType": "IELTS_COMPOSITE_ID",
                    "externalUserId": "RES704"
                  }
                ],
                "triggeringUserId": 48987315,
                "triggeringUserExternalUserIds": [
                  {
                    "authType": "GENERIC_SAML",
                    "externaluserId": "auth0|5e7b725cc8914a0c77247885"
                  }
                ],
                "triggeringUserName": "Chirag Rao",
                "timestamp": "2022-02-16T12:10:38Z",
                "extraInfo": {
                  "type": "JSON",
                  "value": {
                    "referenceEventId": "AX_VPxTrLhO0Z6t98cw0"
                  }
                },
                "flaggingInfo": {
                  "flagType": "malpractice_id_not_verified",
                  "flagSubTypes": ["id_document_mismatch"],
                  "comment": "id document is not matching",
                  "severityLevel": "warning"
                },
                "attachedFiles": [
                  {
                    "fileName": "sample.pdf",
                    "contentItemId": 88905509,
                    "fileSize": 1253607,
                    "preSignedUrl": "https://insperalearning-stage.s3.amazonaws.com/fjordias/2022/03/29/a1fbe67b-5411-45cf-82a3-de546a7f9bde.pdf?response-content-disposition=inline%3B%20filename%3D%22sample3.pdf%22&response-content-encoding=UTF-8&response-content-type=application%2Fpdf&x-amz-security-token=IQoJb3JpZ2luX2VjEEoaCWV1LXdlc3QtMSJIMEYCIQDx4Gg9VuNNP7t14FrRl7TYx6NuQaKDJG32dRRfEo2iNgIhALJ9LE%2BQWPLcYqfKoF%2FA2p5kWYhJO5Hju4Vmf2cx%2FVCqKugDCNP%2F%2F%2F%2F%2F%2F%2F%2F%2F%2FwEQABoMNTUwMzI1MjI3Nzk1IgyF90Mq00F2E5%2FPa3YqvAN0cwt%2BhIpjaZtmrO7eNhd5YAFO%2Beu7SM9ewEVl2Uz4tF1%2FnFeapt82Kg2BKGjRWJP4CkgdNz8SBzxvkoc31VcLBCGK587VWy%2F8gXQV86OgRtuvfqcWSHVMOksT1kkteHynZi%2BKYwixVeGcxLnSen2sUPV6qBb7OA8gmYwKuFcYFafnoyLRFYYC2GVjai9XpyCPa7y5x8u4QjzgofmrsBpmzjAooJnlNBh2gDXIOPgeqhxmeuihdLR76oEO9rKs3EFWd%2B6EzupRBc7I9aLnT5XnOKQKq1%2BNR3xrBz%2F1TFyHoxIGamf0eH7o8NHealuvz1lCOFytMfCBzcJqWBA3VCRh%2BlLFikZeroB3laLF%2B6KSk2tCLSEvf9y%2FZNnxZSSAmULFkAAfuWOLj8%2FDIGSXLq4iuIMqK9t6jWpO%2Bb%2BR2Y%2BxCrPtuGSi%2BMM2ACKUzRPG4CpAuhHA%2BVQgc1x4wXpr2Jp%2FmjLN5TnuKhwHkFz8AiLNjqnwh0ixXE1FQSbKTCKUqnkbgbSag%2BU0qH74W%2BuFdtzc5UY0F9I2FXuWy9ddmMoWJTXgbkvXjf%2BjyAEUolnWCW8tt0Rg0X%2FikUD8x34w4K%2BLkgY6pAFXGUAehO%2F%2BPNOOUmSIPE6TU7vxI%2BUR6ctMLvgP3uaQyzKjiXAQ0f0vn2qvyoOq0kBEaehiM92vO3pbrxg4yPzzU1lm%2BnmlhIpvZKN%2Fdc52ftUDkjJrtIVXUlxCJBBTddSu9jMFY6wwNRwuTT17No13TzoSt%2B12CVhCeQcXMIEjnYhLhlIbnBjBTdUrSKsEZkgrzY5icFtTuFpUuMufHE31nNl3DQ%3D%3D&AWSAccessKeyId=ASIAYAIPQSEJVYESIZPK&Expires=1648554030&Signature=ucPwH5ujt%2B1WGw%2BVESSXznwuFv4%3D"
                  }
                ]
              }
            }
          }
        },
        "responses": {
          "200": {
            "description": "200 Response"
          },
          "400": {
            "description": "400 Invalid request"
          },
          "401": {
            "description": "401 Unauthorized"
          },
          "403": {
            "description": "403 Forbidden"
          }
        },
        "tags": ["Test Day Incident web hook events"]
      }
    },
    "/v1/testtakersubmissiondelivered": {
      "post": {
        "tags": ["Test Taker Submission Inspera Webhook Events"],
        "requestBody": {
          "content": {
            "application/json": {
              "schema": {
                "$ref": "#/components/schemas/SubmissionDeliveredWebhookCbParentInsperaNodeV1"
              }
            }
          },
          "required": true
        },
        "responses": {
          "200": {
            "description": "200 response"
          },
          "400": {
            "description": "400 response"
          },
          "401": {
            "description": "401 Unauthorized"
          },
          "403": {
            "description": "403 Forbidden"
          }
        },
        "parameters": [
          {
            "$ref": "#/components/parameters/XInsperaSignature"
          }
        ]
      }
    },
    "/v1/testtakersubmissionexportfinished": {
      "post": {
        "tags": ["Test Taker Submission Inspera Webhook Events"],
        "requestBody": {
          "content": {
            "application/json": {
              "schema": {
                "$ref": "#/components/schemas/SubmissionExportWebhookCbParentInsperaNodeV1"
              }
            }
          },
          "required": true
        },
        "responses": {
          "200": {
            "description": "200 response"
          },
          "400": {
            "description": "400 response"
          },
          "401": {
            "description": "401 Unauthorized"
          },
          "403": {
            "description": "403 Forbidden"
          }
        },
        "parameters": [
          {
            "$ref": "#/components/parameters/XInsperaSignature"
          }
        ]
      }
    }
  },
  "components": {
    "parameters": {
      "correlationId": {
        "schema": {
          "type": "string",
          "format": "UUID"
        },
        "name": "correlationId",
        "in": "header",
        "required": true
      },
      "eventDateTime": {
        "schema": {
          "type": "string",
          "format": "date-time"
        },
        "name": "eventDateTime",
        "in": "header",
        "required": true
      },
      "XAccessToken": {
        "schema": {
          "type": "string"
        },
        "name": "x-access-token",
        "in": "header",
        "required": true
      },
      "XInsperaSignature": {
        "schema": {
          "type": "string"
        },
        "name": "X-Inspera-Signature",
        "in": "header",
        "required": true
      }
    },
    "schemas": {
      "CommonModel": {
        "type": "object",
        "properties": {
          "event": {
            "type": "string",
            "description": "marks_and_grades_by_round_export_finished"
          },
          "associatedObjectId": {
            "type": "integer",
            "description": "Inspera User Id",
            "format": "int32"
          },
          "associatedObjectType": {
            "type": "string",
            "description": "candidate"
          },
          "marketplaceId": {
            "type": "integer",
            "description": "marketplaceId",
            "format": "int32"
          },
          "contextObjectId": {
            "type": "integer",
            "description": "Test Event Id",
            "format": "int32"
          },
          "contextObjectType": {
            "type": "string",
            "description": "ASSESSMENT_RUN"
          },
          "timestamp": {
            "type": "string",
            "format": "date-time"
          }
        }
      },
      "InsperaContentEventNodeV1": {
        "allOf": [
          {
            "$ref": "#/components/schemas/CommonModel"
          },
          {
            "type": "object",
            "properties": {
              "extraInfo": {
                "type": "object",
                "properties": {
                  "value": {
                    "type": "object",
                    "properties": {
                      "presignedUrl": {
                        "type": "string"
                      }
                    }
                  },
                  "type": {
                    "type": "string"
                  }
                },
                "description": "extraInfo"
              }
            },
            "required": ["event", "extraInfo"]
          }
        ]
      },
      "InsperaRequestEventNodeV1": {
        "allOf": [
          {
            "$ref": "#/components/schemas/CommonModel"
          },
          {
            "type": "object",
            "properties": {
              "extraInfo": {
                "type": "object",
                "properties": {
                  "value": {
                    "$ref": "#/components/schemas/AssessmentRunIds"
                  },
                  "type": {
                    "type": "string"
                  }
                },
                "description": "extraInfo"
              }
            },
            "required": ["associatedObjectId", "contextObjectId", "event"]
          }
        ]
      },
      "AssessmentRunIds": {
        "type": "object",
        "properties": {
          "children": {
            "type": "array",
            "items": {
              "type": "integer"
            }
          }
        }
      },
      "ParentInsperaContentEventNodeV1": {
        "oneOf": [
          {
            "$ref": "#/components/schemas/InsperaContentEventNodeV1"
          },
          {
            "$ref": "#/components/schemas/SubscriptionNodeV1"
          }
        ]
      },
      "ParentInsperaRequestEventNodeV1": {
        "oneOf": [
          {
            "$ref": "#/components/schemas/InsperaRequestEventNodeV1"
          },
          {
            "$ref": "#/components/schemas/SubscriptionNodeV1"
          }
        ]
      },
      "SubscriptionNodeV1": {
        "required": ["event"],
        "additionalProperties": false,
        "type": "object",
        "properties": {
          "event": {
            "type": "string",
            "description": "verification event"
          },
          "contextObjectId": {
            "type": "integer",
            "description": "Test Event Id",
            "format": "int32"
          },
          "contextObjectTitle": {
            "type": "string",
            "description": "UUID"
          },
          "subscriptionTo": {
            "type": "string",
            "description": "subscribed event name"
          },
          "timestamp": {
            "type": "string",
            "format": "date-time"
          }
        }
      },
      "TtHistoryRequested": {
        "title": "TtHistoryRequested",
        "type": "object",
        "description": "Event that goes in the topic",
        "properties": {
          "event": {
            "type": "string",
            "enum": ["TtHistoryRequested"],
            "example": "TtHistoryRequested"
          },
          "timestamp": {
            "type": "string",
            "example": "2019-09-12T13:09:56Z",
            "format": "date-time"
          },
          "eventBody": {
            "type": "object",
            "properties": {
              "parentTestEventId": {
                "type": "string",
                "example": "e873fca7-849b-4e3b-8dfc-b6b5108608db"
              },
              "uniqueTestTakerId": {
                "type": "string",
                "example": "T-AA-UHG003"
              }
            },
            "required": ["parentTestEventId", "uniqueTestTakerId"]
          }
        },
        "required": ["event", "timestamp", "eventBody"]
      },
      "PRCRecommendationNodeV1": {
        "required": [
          "probabilityAnalysis",
          "uniqueTestTakerUuid",
          "externalTestId"
        ],
        "properties": {
          "probabilityAnalysis": {
            "type": "object",
            "properties": {
              "globalFlag": {
                "type": "boolean"
              },
              "candidateMeanJudgmental": {
                "type": "number",
                "example": "3.3000000000000003"
              },
              "readingBandscoreCountryReg": {
                "type": "number",
                "example": "3.3000000000000003"
              },
              "readingBandscoreResidual": {
                "type": "number",
                "example": "5.699999999999999"
              },
              "readingBandscoreStdResidual": {
                "type": "number",
                "example": "6.883642973970739"
              },
              "readingBandscoreFlag": {
                "type": "string",
                "example": "1:500000"
              },
              "listeningBandscoreCountryReg": {
                "type": "number",
                "example": "3.3000000000000003"
              },
              "listeningBandscoreResidual": {
                "type": "number",
                "example": "5.699999999999999"
              },
              "listeningBandscoreStdResidual": {
                "type": "number",
                "example": "6.883642973970739"
              },
              "listeningBandscoreFlag": {
                "type": "string",
                "example": "1:500000"
              }
            }
          },
          "repeaterAnalysis": {
            "type": "object",
            "properties": {
              "flaggedFor": {
                "type": "array",
                "items": {
                  "type": "string",
                  "example": "L+R"
                }
              },
              "listeningBandscoreJump": {
                "type": "number",
                "example": "4.99999999999"
              },
              "writingBandscoreJump": {
                "type": "number",
                "example": "3.99999999999"
              },
              "speakingBandscoreJump": {
                "type": "number",
                "example": "5.99999999999"
              },
              "readingBandscoreJump": {
                "type": "number",
                "example": "4.99999999999"
              },
              "overallBandscoreJump": {
                "type": "number",
                "example": "-3.5"
              },
              "weight": {
                "type": "integer",
                "format": "int32",
                "example": "7"
              }
            }
          },
          "uniqueTestTakerUuid": {
            "type": "string",
            "format": "UUID",
            "example": "e3aff9b1-aaf6-4228-95d5-572405164441"
          },
          "externalTestId": {
            "type": "string",
            "example": "Test123"
          }
        }
      },
      "TDMWebhookCbCommonModel": {
        "type": "object",
        "required": [
          "event",
          "marketplaceId",
          "contextObjectId",
          "contextObjectType",
          "extraInfo"
        ],
        "properties": {
          "event": {
            "type": "string",
            "enum": ["revision_status_updated", "qti_export_ready"],
            "description": "qti_export_ready signals test day content is ready",
            "example": "revision_status_updated OR qti_export_ready"
          },
          "marketplaceId": {
            "type": "integer",
            "description": "identifies the environment the event comes from",
            "example": "54447644"
          },
          "contextObjectId": {
            "type": "integer",
            "description": "Content Item ID of the object for which the status has been updated. Unique contentID.  Will not indicate the Revision ID",
            "format": "int32",
            "example": "67261397"
          },
          "contextObjectType": {
            "type": "string",
            "description": "QTI Section",
            "example": "QTI_SECTION",
            "enum": ["QTI_SECTION"]
          },
          "timestamp": {
            "type": "string",
            "format": "date-time"
          },
          "extraInfo": {
            "type": "object",
            "properties": {
              "type": {
                "type": "string"
              }
            }
          }
        }
      },
      "TDMWebhookCbParentInsperaExportNodeV1": {
        "oneOf": [
          {
            "$ref": "#/components/schemas/TDMWebhookCbInsperaExportNodeV1"
          },
          {
            "$ref": "#/components/schemas/SubscriptionNodeV1"
          }
        ]
      },
      "TDMWebhookCbInsperaExportNodeV1": {
        "allOf": [
          {
            "$ref": "#/components/schemas/TDMWebhookCbCommonModel"
          },
          {
            "type": "object",
            "properties": {
              "extraInfo": {
                "type": "object",
                "required": ["value"],
                "properties": {
                  "value": {
                    "type": "object",
                    "required": ["url", "jobId", "status"],
                    "properties": {
                      "url": {
                        "type": "string",
                        "example": "https://insperalearning-prod.s3.eu-west-1.amazonaws.com/<LONG_STRING>"
                      },
                      "jobId": {
                        "type": "integer",
                        "example": 1234
                      },
                      "status": {
                        "type": "string",
                        "example": "success",
                        "enum": ["success"]
                      }
                    }
                  },
                  "type": {
                    "type": "string",
                    "example": "JSON"
                  }
                },
                "description": "extraInfo"
              }
            },
            "required": ["event", "extraInfo"]
          }
        ]
      },
      "TDMWebhookCbParentInsperaApprovedNodeV1": {
        "oneOf": [
          {
            "$ref": "#/components/schemas/TDMWebhookCbInsperaApprovedNodeV1"
          },
          {
            "$ref": "#/components/schemas/SubscriptionNodeV1"
          }
        ]
      },
      "TDMWebhookCbInsperaApprovedNodeV1": {
        "allOf": [
          {
            "$ref": "#/components/schemas/TDMWebhookCbCommonModel"
          },
          {
            "type": "object",
            "properties": {
              "extraInfo": {
                "type": "object",
                "properties": {
                  "type": {
                    "type": "string",
                    "example": "String"
                  },
                  "value": {
                    "type": "string",
                    "example": "live",
                    "enum": ["live"]
                  },
                  "previousValue": {
                    "type": "string",
                    "example": "draft"
                  }
                },
                "description": "extraInfo"
              }
            },
            "required": ["event", "extraInfo"]
          }
        ]
      },
      "TTPhotoWebhookCbCommonModel": {
        "type": "object",
        "required": [
          "event",
          "marketplaceId",
          "contextObjectId",
          "contextObjectType",
          "extraInfo"
        ],
        "properties": {
          "event": {
            "type": "string",
            "enum": ["user_id_photos_captured"],
            "description": "user_id_photos_captured signals test taker photos are ready",
            "example": "user_id_photos_captured"
          },
          "marketplaceId": {
            "type": "integer",
            "description": "identifies the environment the event comes from",
            "example": 54447644
          },
          "contextObjectId": {
            "type": "integer",
            "description": "ASSESSMENT_RUN ID of the child test for which the TT captured the photos",
            "format": "int32",
            "example": "67261397"
          },
          "contextObjectType": {
            "type": "string",
            "description": "ASSESSMENT_RUN",
            "example": "ASSESSMENT_RUN",
            "enum": ["ASSESSMENT_RUN"]
          },
          "associatedObjectId": {
            "type": "integer",
            "description": "",
            "format": "int32",
            "example": 87427260
          },
          "associatedObjectType": {
            "type": "string",
            "description": "Candidate",
            "example": "candidate",
            "enum": ["candidate"]
          },
          "triggeringUserId": {
            "type": "integer",
            "description": "",
            "format": "int32",
            "example": 87427260
          },
          "triggeringUserName": {
            "type": "string",
            "description": "User name",
            "example": "g101-i5c-f9fc"
          },
          "associatedObjectExternalUserIds": {
            "description": "ExternalUserIds for a given associated object at the time the webhooks is sent",
            "type": "array",
            "items": {
              "type": "object",
              "properties": {
                "authType": {
                  "type": "string"
                },
                "externalUserId": {
                  "type": "string"
                }
              }
            }
          },
          "triggeringUserExternalUserIds": {
            "description": "ExternalUserIds for a given triggering user at the time the webhooks is sent",
            "type": "array",
            "items": {
              "type": "object",
              "properties": {
                "authType": {
                  "type": "string",
                  "example": "IELTS_COMPOSITE_ID"
                },
                "externalUserId": {
                  "type": "string",
                  "example": "101IH20000002"
                }
              }
            }
          },
          "timestamp": {
            "type": "string",
            "format": "date-time"
          }
        }
      },
      "TTPhotoWebhookCbParentInsperaNodeV1": {
        "oneOf": [
          {
            "$ref": "#/components/schemas/TTPhotoWebhookCbInsperaNodeV1"
          },
          {
            "$ref": "#/components/schemas/SubscriptionNodeV1"
          }
        ]
      },
      "TTPhotoWebhookCbInsperaNodeV1": {
        "allOf": [
          {
            "$ref": "#/components/schemas/TTPhotoWebhookCbCommonModel"
          },
          {
            "type": "object",
            "properties": {
              "extraInfo": {
                "type": "object",
                "properties": {
                  "type": {
                    "type": "string",
                    "example": "JSON"
                  },
                  "value": {
                    "type": "object",
                    "properties": {
                      "photos": {
                        "type": "array",
                        "items": {
                          "type": "object",
                          "properties": {
                            "type": {
                              "type": "string",
                              "enum": [
                                "SPEAKING_ID_DOC",
                                "SPEAKING_PROFILE",
                                "LRW_ID_DOC",
                                "LRW_PROFILE"
                              ]
                            },
                            "URL": {
                              "type": "string"
                            }
                          },
                          "example": [
                            {
                              "type": "SPEAKING_ID_DOC",
                              "URL": " http://ISDS-S3_speaking_iddoc.jpg"
                            },
                            {
                              "type": "SPEAKING_PROFILE",
                              "URL": "http://InsperaS3_speaking_profile.jpg"
                            }
                          ]
                        }
                      }
                    }
                  }
                },
                "description": "extraInfo"
              }
            },
            "required": ["event", "extraInfo"]
          }
        ]
      },
      "JaggedWebhookCbCommonModel": {
        "type": "object",
        "required": [
          "event",
          "marketplaceId",
          "contextObjectId",
          "contextObjectType",
          "extraInfo"
        ],
        "properties": {
          "event": {
            "type": "string",
            "enum": ["jagged_status_set"],
            "description": "Signals jagged analysis was completed",
            "example": "jagged_status_set"
          },
          "marketplaceId": {
            "type": "integer",
            "description": "identifies the environment the event comes from",
            "example": 54447644
          },
          "contextObjectId": {
            "type": "integer",
            "description": "ASSESSMENT_RUN ID of the child test for which the Jagged status is set",
            "format": "int32",
            "example": "67261397"
          },
          "contextObjectType": {
            "type": "string",
            "description": "ASSESSMENT_RUN",
            "example": "ASSESSMENT_RUN",
            "enum": ["ASSESSMENT_RUN"]
          },
          "contextObjectTitle": {
            "type": "string",
            "description": "RD-Writing",
            "example": "RD-Writing"
          },
          "contextObjectStatus": {
            "type": "string",
            "description": "executing",
            "example": "executing"
          },
          "associatedObjectId": {
            "type": "integer",
            "description": "Inspera ID of the student user, which is returned to CMDS when the user is created",
            "format": "int32",
            "example": 87427260
          },
          "associatedObjectType": {
            "type": "string",
            "description": "Candidate",
            "example": "candidate",
            "enum": ["candidate"]
          },
          "associatedObjectTitle": {
            "type": "string",
            "description": "",
            "example": ""
          },
          "timestamp": {
            "type": "string",
            "format": "date-time"
          }
        }
      },
      "AssociatedObjectExternalUserIdsNodeV1": {
        "type": "array",
        "items": {
          "type": "object",
          "properties": {
            "authType": {
              "type": "string",
              "example": "IELTS_COMPOSITE_ID"
            },
            "externalUserId": {
              "type": "string",
              "example": "RES704"
            }
          }
        }
      },
      "TriggeringUserExternalUserIdsNodeV1": {
        "type": "array",
        "items": {
          "type": "object",
          "properties": {
            "authType": {
              "type": "string",
              "example": "GENERIC_SAML"
            },
            "externalUserId": {
              "type": "string",
              "example": "auth0|5e7b725cc8914a0c77247885"
            }
          }
        }
      },
      "IDCheckVerificationNotificationReceivedNodeV1": {
        "type": "object",
        "required": [
          "event",
          "subscriptionId",
          "marketplaceId",
          "contextObjectId",
          "associatedObjectId"
        ],
        "properties": {
          "event": {
            "type": "string",
            "enum": ["candidate_id_verified"],
            "description": "Signals candidate_id_verified was initiated",
            "example": "candidate_id_verified"
          },
          "subscriptionId": {
            "type": "integer",
            "example": 53316
          },
          "marketplaceId": {
            "type": "integer",
            "description": "identifies the environment the event comes from",
            "example": 54447644
          },
          "contextObjectId": {
            "type": "integer",
            "description": "ASSESSMENT_RUN ID of the child test for which the candidate_id_verified is set",
            "format": "int32",
            "example": "67261397"
          },
          "contextObjectType": {
            "type": "string",
            "example": "ASSESSMENT_RUN",
            "enum": ["ASSESSMENT_RUN"]
          },
          "associatedObjectId": {
            "type": "integer",
            "description": "Inspera ID of the student user, which is returned to CMDS when the user is created",
            "format": "int32",
            "example": 87427260
          },
          "associatedObjectType": {
            "type": "string",
            "example": "candidate",
            "enum": ["candidate"]
          },
          "associatedObjectExternalUserIds": {
            "$ref": "#/components/schemas/AssociatedObjectExternalUserIdsNodeV1"
          },
          "triggeringUserId": {
            "type": "integer",
            "description": "triggering User Id from WebHook Call",
            "example": 54447644
          },
          "triggeringUserExternalUserIds": {
            "$ref": "#/components/schemas/TriggeringUserExternalUserIdsNodeV1"
          },
          "triggeringUserName": {
            "type": "string",
            "example": "Chirag (Inspera) Rao"
          },
          "timestamp": {
            "type": "string",
            "format": "date-time"
          }
        }
      },
      "IDCheckRejectedNotificationReceivedNodeV1": {
        "type": "object",
        "required": [
          "event",
          "subscriptionId",
          "marketplaceId",
          "contextObjectId",
          "associatedObjectId"
        ],
        "properties": {
          "event": {
            "type": "string",
            "enum": ["candidate_id_rejected"],
            "description": "Signals candidate_id_rejected was initiated",
            "example": "candidate_id_rejected"
          },
          "subscriptionId": {
            "type": "integer",
            "example": 53316
          },
          "marketplaceId": {
            "type": "integer",
            "description": "identifies the environment the event comes from",
            "example": 54447644
          },
          "contextObjectId": {
            "type": "integer",
            "description": "ASSESSMENT_RUN ID of the child test for which the candidate_id_verified is set",
            "format": "int32",
            "example": "67261397"
          },
          "contextObjectType": {
            "type": "string",
            "example": "ASSESSMENT_RUN",
            "enum": ["ASSESSMENT_RUN"]
          },
          "associatedObjectId": {
            "type": "integer",
            "description": "Inspera ID of the student user, which is returned to CMDS when the user is created",
            "format": "int32",
            "example": 87427260
          },
          "associatedObjectType": {
            "type": "string",
            "example": "candidate",
            "enum": ["candidate"]
          },
          "associatedObjectExternalUserIds": {
            "$ref": "#/components/schemas/AssociatedObjectExternalUserIdsNodeV1"
          },
          "triggeringUserId": {
            "type": "integer",
            "description": "triggering User Id from WebHook Call",
            "example": 54447644
          },
          "triggeringUserExternalUserIds": {
            "$ref": "#/components/schemas/TriggeringUserExternalUserIdsNodeV1"
          },
          "triggeringUserName": {
            "type": "string",
            "example": "Chirag (Inspera) Rao"
          },
          "timestamp": {
            "type": "string",
            "format": "date-time"
          }
        }
      },
      "IDCheckRequiresFollowUpNotificationReceivedNodeV1": {
        "type": "object",
        "required": [
          "event",
          "subscriptionId",
          "marketplaceId",
          "contextObjectId",
          "associatedObjectId"
        ],
        "properties": {
          "event": {
            "type": "string",
            "enum": ["candidate_id_requires_follow_up"],
            "description": "Signals candidate_id_requires_follow_up was initiated",
            "example": "candidate_id_requires_follow_up"
          },
          "subscriptionId": {
            "type": "integer",
            "example": 53316
          },
          "marketplaceId": {
            "type": "integer",
            "description": "identifies the environment the event comes from",
            "example": 54447644
          },
          "contextObjectId": {
            "type": "integer",
            "description": "ASSESSMENT_RUN ID of the child test for which the candidate_id_verified is set",
            "format": "int32",
            "example": "67261397"
          },
          "contextObjectType": {
            "type": "string",
            "example": "ASSESSMENT_RUN",
            "enum": ["ASSESSMENT_RUN"]
          },
          "associatedObjectId": {
            "type": "integer",
            "description": "Inspera ID of the student user, which is returned to CMDS when the user is created",
            "format": "int32",
            "example": 87427260
          },
          "associatedObjectType": {
            "type": "string",
            "example": "candidate",
            "enum": ["candidate"]
          },
          "associatedObjectExternalUserIds": {
            "$ref": "#/components/schemas/AssociatedObjectExternalUserIdsNodeV1"
          },
          "triggeringUserId": {
            "type": "integer",
            "description": "triggering User Id from WebHook Call",
            "example": 54447644
          },
          "triggeringUserExternalUserIds": {
            "$ref": "#/components/schemas/TriggeringUserExternalUserIdsNodeV1"
          },
          "triggeringUserName": {
            "type": "string",
            "example": "Chirag (Inspera) Rao"
          },
          "timestamp": {
            "type": "string",
            "format": "date-time"
          }
        }
      },
      "IdCheckVerifiedWebhookCbParentInsperaNodeV1": {
        "oneOf": [
          {
            "$ref": "#/components/schemas/IDCheckVerificationNotificationReceivedNodeV1"
          },
          {
            "$ref": "#/components/schemas/SubscriptionNodeV1"
          }
        ]
      },
      "IdCheckRejectedWebhookCbParentInsperaNodeV1": {
        "oneOf": [
          {
            "$ref": "#/components/schemas/IDCheckRejectedNotificationReceivedNodeV1"
          },
          {
            "$ref": "#/components/schemas/SubscriptionNodeV1"
          }
        ]
      },
      "IdCheckRequiresFollowUpWebhookCbParentInsperaNodeV1": {
        "oneOf": [
          {
            "$ref": "#/components/schemas/IDCheckRequiresFollowUpNotificationReceivedNodeV1"
          },
          {
            "$ref": "#/components/schemas/SubscriptionNodeV1"
          }
        ]
      },
      "CandidateFlagAddedNotificationReceivedNodeV1": {
        "type": "object",
        "required": [
          "event",
          "subscriptionId",
          "marketplaceId",
          "contextObjectId",
          "contextObjectType",
          "eventId",
          "associatedObjectId",
          "associatedObjectType",
          "triggeringUserId",
          "triggeringUserName",
          "timestamp",
          "flaggingInfo"
        ],
        "properties": {
          "event": {
            "type": "string",
            "enum": ["added_generic_candidate_flag"]
          },
          "subscriptionId": {
            "type": "integer",
            "example": 345988
          },
          "marketplaceId": {
            "type": "integer",
            "example": 48986474
          },
          "contextObjectId": {
            "type": "integer",
            "example": 88892106
          },
          "contextObjectType": {
            "type": "string",
            "example": "ASSESSMENT_RUN"
          },
          "eventId": {
            "type": "string",
            "example": "AX_cUoL2xZij5ffFHBvU"
          },
          "associatedObjectId": {
            "type": "integer",
            "example": 88892162
          },
          "associatedObjectType": {
            "type": "string",
            "example": "candidate"
          },
          "associatedObjectExternalUserIds": {
            "type": "array",
            "items": {
              "type": "object",
              "required": ["authType", "externalUserId"],
              "properties": {
                "authType": {
                  "type": "string",
                  "example": "IELTS_COMPOSITE_ID"
                },
                "externalUserId": {
                  "type": "string",
                  "example": "RES704"
                }
              }
            }
          },
          "triggeringUserId": {
            "type": "integer",
            "example": 48987315
          },
          "triggeringUserExternalUserIds": {
            "type": "array",
            "items": {
              "type": "object",
              "required": ["authType", "externalUserId"],
              "properties": {
                "authType": {
                  "type": "string",
                  "example": "GENERIC_SAML"
                },
                "externalUserId": {
                  "type": "string",
                  "example": "auth0|5e7b725cc8914a0c77247885"
                }
              }
            }
          },
          "triggeringUserName": {
            "type": "string",
            "example": "Chirag Rao"
          },
          "timestamp": {
            "type": "string",
            "example": "2022-02-16T12:10:38Z#"
          },
          "flaggingInfo": {
            "type": "object",
            "required": ["flagType"],
            "properties": {
              "flagType": {
                "type": "string",
                "example": "malpractice_id_not_verified"
              },
              "flagSubTypes": {
                "type": "array",
                "items": {
                  "type": "string",
                  "example": ["id_document_mismatch"]
                }
              },
              "comment": {
                "type": "string",
                "example": "id document is not matching"
              },
              "severityLevel": {
                "type": "string",
                "enum": ["warning", "confirmed"],
                "example": "warning"
              }
            }
          },
          "attachedFiles": {
            "type": "array",
            "items": {
              "type": "object",
              "required": [
                "fileName",
                "contentItemId",
                "fileSize",
                "preSignedUrl"
              ],
              "properties": {
                "fileName": {
                  "type": "string",
                  "example": "sample.pdf"
                },
                "contentItemId": {
                  "type": "integer",
                  "example": 88905509
                },
                "fileSize": {
                  "type": "integer",
                  "example": 1253607
                },
                "preSignedUrl": {
                  "type": "string",
                  "example": "https://insperalearning-stage.s3.amazonaws.com/fjordias/2022/03/29/a1fbe67b-5411-45cf-82a3-de546a7f9bde.pdf?response-content-disposition=inline%3B%20filename%3D%22sample3.pdf%22&response-content-encoding=UTF-8&response-content-type=application%2Fpdf&x-amz-security-token=IQoJb3JpZ2luX2VjEEoaCWV1LXdlc3QtMSJIMEYCIQDx4Gg9VuNNP7t14FrRl7TYx6NuQaKDJG32dRRfEo2iNgIhALJ9LE%2BQWPLcYqfKoF%2FA2p5kWYhJO5Hju4Vmf2cx%2FVCqKugDCNP%2F%2F%2F%2F%2F%2F%2F%2F%2F%2FwEQABoMNTUwMzI1MjI3Nzk1IgyF90Mq00F2E5%2FPa3YqvAN0cwt%2BhIpjaZtmrO7eNhd5YAFO%2Beu7SM9ewEVl2Uz4tF1%2FnFeapt82Kg2BKGjRWJP4CkgdNz8SBzxvkoc31VcLBCGK587VWy%2F8gXQV86OgRtuvfqcWSHVMOksT1kkteHynZi%2BKYwixVeGcxLnSen2sUPV6qBb7OA8gmYwKuFcYFafnoyLRFYYC2GVjai9XpyCPa7y5x8u4QjzgofmrsBpmzjAooJnlNBh2gDXIOPgeqhxmeuihdLR76oEO9rKs3EFWd%2B6EzupRBc7I9aLnT5XnOKQKq1%2BNR3xrBz%2F1TFyHoxIGamf0eH7o8NHealuvz1lCOFytMfCBzcJqWBA3VCRh%2BlLFikZeroB3laLF%2B6KSk2tCLSEvf9y%2FZNnxZSSAmULFkAAfuWOLj8%2FDIGSXLq4iuIMqK9t6jWpO%2Bb%2BR2Y%2BxCrPtuGSi%2BMM2ACKUzRPG4CpAuhHA%2BVQgc1x4wXpr2Jp%2FmjLN5TnuKhwHkFz8AiLNjqnwh0ixXE1FQSbKTCKUqnkbgbSag%2BU0qH74W%2BuFdtzc5UY0F9I2FXuWy9ddmMoWJTXgbkvXjf%2BjyAEUolnWCW8tt0Rg0X%2FikUD8x34w4K%2BLkgY6pAFXGUAehO%2F%2BPNOOUmSIPE6TU7vxI%2BUR6ctMLvgP3uaQyzKjiXAQ0f0vn2qvyoOq0kBEaehiM92vO3pbrxg4yPzzU1lm%2BnmlhIpvZKN%2Fdc52ftUDkjJrtIVXUlxCJBBTddSu9jMFY6wwNRwuTT17No13TzoSt%2B12CVhCeQcXMIEjnYhLhlIbnBjBTdUrSKsEZkgrzY5icFtTuFpUuMufHE31nNl3DQ%3D%3D&AWSAccessKeyId=ASIAYAIPQSEJVYESIZPK&Expires=1648554030&Signature=ucPwH5ujt%2B1WGw%2BVESSXznwuFv4%3D"
                }
              }
            }
          }
        }
      },
      "IncidentReportAddedToLoggedEventNotificationReceivedNodeV1": {
        "type": "object",
        "required": [
          "event",
          "subscriptionId",
          "marketplaceId",
          "contextObjectId",
          "contextObjectType",
          "eventId",
          "associatedObjectId",
          "associatedObjectType",
          "triggeringUserId",
          "triggeringUserName",
          "timestamp",
          "extraInfo",
          "flaggingInfo"
        ],
        "properties": {
          "event": {
            "type": "string",
            "enum": ["incident_report_added_to_logged_event"]
          },
          "subscriptionId": {
            "type": "integer",
            "example": 345988
          },
          "marketplaceId": {
            "type": "integer",
            "example": 48986474
          },
          "contextObjectId": {
            "type": "integer",
            "example": 88892106
          },
          "contextObjectType": {
            "type": "string",
            "example": "ASSESSMENT_RUN"
          },
          "eventId": {
            "type": "string",
            "example": "AX_cUoL2xZij5ffFHBvU"
          },
          "associatedObjectId": {
            "type": "integer",
            "example": 88892162
          },
          "associatedObjectType": {
            "type": "string",
            "example": "candidate"
          },
          "associatedObjectExternalUserIds": {
            "type": "array",
            "items": {
              "type": "object",
              "required": ["authType", "externalUserId"],
              "properties": {
                "authType": {
                  "type": "string",
                  "example": "IELTS_COMPOSITE_ID"
                },
                "externalUserId": {
                  "type": "string",
                  "example": "RES704"
                }
              }
            }
          },
          "triggeringUserId": {
            "type": "integer",
            "example": 48987315
          },
          "triggeringUserExternalUserIds": {
            "type": "array",
            "items": {
              "type": "object",
              "required": ["authType", "externalUserId"],
              "properties": {
                "authType": {
                  "type": "string",
                  "example": "GENERIC_SAML"
                },
                "externalUserId": {
                  "type": "string",
                  "example": "auth0|5e7b725cc8914a0c77247885"
                }
              }
            }
          },
          "triggeringUserName": {
            "type": "string",
            "example": "Chirag Rao"
          },
          "timestamp": {
            "type": "string",
            "example": "2022-02-16T12:10:38Z#"
          },
          "extraInfo": {
            "type": "object",
            "required": ["value", "type"],
            "properties": {
              "type": {
                "type": "string",
                "example": "JSON"
              },
              "value": {
                "type": "object",
                "required": ["referenceEventId"],
                "properties": {
                  "referenceEventId": {
                    "type": "string",
                    "example": "AX_VPxTrLhO0Z6t98cw0"
                  }
                }
              }
            }
          },
          "flaggingInfo": {
            "type": "object",
            "required": ["flagType", "comment"],
            "properties": {
              "flagType": {
                "type": "string",
                "example": "malpractice_id_not_verified"
              },
              "flagSubTypes": {
                "type": "array",
                "items": {
                  "type": "string",
                  "example": ["id_document_mismatch"]
                }
              },
              "comment": {
                "type": "string",
                "example": "id document is not matching"
              },
              "severityLevel": {
                "type": "string",
                "enum": ["warning", "confirmed"],
                "example": "warning"
              }
            }
          },
          "attachedFiles": {
            "type": "array",
            "items": {
              "type": "object",
              "required": [
                "fileName",
                "contentItemId",
                "fileSize",
                "preSignedUrl"
              ],
              "properties": {
                "fileName": {
                  "type": "string",
                  "example": "sample.pdf"
                },
                "contentItemId": {
                  "type": "integer",
                  "example": 88905509
                },
                "fileSize": {
                  "type": "integer",
                  "example": 1253607
                },
                "preSignedUrl": {
                  "type": "string",
                  "example": "https://insperalearning-stage.s3.amazonaws.com/fjordias/2022/03/29/a1fbe67b-5411-45cf-82a3-de546a7f9bde.pdf?response-content-disposition=inline%3B%20filename%3D%22sample3.pdf%22&response-content-encoding=UTF-8&response-content-type=application%2Fpdf&x-amz-security-token=IQoJb3JpZ2luX2VjEEoaCWV1LXdlc3QtMSJIMEYCIQDx4Gg9VuNNP7t14FrRl7TYx6NuQaKDJG32dRRfEo2iNgIhALJ9LE%2BQWPLcYqfKoF%2FA2p5kWYhJO5Hju4Vmf2cx%2FVCqKugDCNP%2F%2F%2F%2F%2F%2F%2F%2F%2F%2FwEQABoMNTUwMzI1MjI3Nzk1IgyF90Mq00F2E5%2FPa3YqvAN0cwt%2BhIpjaZtmrO7eNhd5YAFO%2Beu7SM9ewEVl2Uz4tF1%2FnFeapt82Kg2BKGjRWJP4CkgdNz8SBzxvkoc31VcLBCGK587VWy%2F8gXQV86OgRtuvfqcWSHVMOksT1kkteHynZi%2BKYwixVeGcxLnSen2sUPV6qBb7OA8gmYwKuFcYFafnoyLRFYYC2GVjai9XpyCPa7y5x8u4QjzgofmrsBpmzjAooJnlNBh2gDXIOPgeqhxmeuihdLR76oEO9rKs3EFWd%2B6EzupRBc7I9aLnT5XnOKQKq1%2BNR3xrBz%2F1TFyHoxIGamf0eH7o8NHealuvz1lCOFytMfCBzcJqWBA3VCRh%2BlLFikZeroB3laLF%2B6KSk2tCLSEvf9y%2FZNnxZSSAmULFkAAfuWOLj8%2FDIGSXLq4iuIMqK9t6jWpO%2Bb%2BR2Y%2BxCrPtuGSi%2BMM2ACKUzRPG4CpAuhHA%2BVQgc1x4wXpr2Jp%2FmjLN5TnuKhwHkFz8AiLNjqnwh0ixXE1FQSbKTCKUqnkbgbSag%2BU0qH74W%2BuFdtzc5UY0F9I2FXuWy9ddmMoWJTXgbkvXjf%2BjyAEUolnWCW8tt0Rg0X%2FikUD8x34w4K%2BLkgY6pAFXGUAehO%2F%2BPNOOUmSIPE6TU7vxI%2BUR6ctMLvgP3uaQyzKjiXAQ0f0vn2qvyoOq0kBEaehiM92vO3pbrxg4yPzzU1lm%2BnmlhIpvZKN%2Fdc52ftUDkjJrtIVXUlxCJBBTddSu9jMFY6wwNRwuTT17No13TzoSt%2B12CVhCeQcXMIEjnYhLhlIbnBjBTdUrSKsEZkgrzY5icFtTuFpUuMufHE31nNl3DQ%3D%3D&AWSAccessKeyId=ASIAYAIPQSEJVYESIZPK&Expires=1648554030&Signature=ucPwH5ujt%2B1WGw%2BVESSXznwuFv4%3D"
                }
              }
            }
          }
        }
      },
      "FilesAttachedToLoggedEventNotificationReceivedNodeV1": {
        "type": "object",
        "required": [
          "event",
          "subscriptionId",
          "marketplaceId",
          "contextObjectId",
          "contextObjectType",
          "eventId",
          "associatedObjectId",
          "associatedObjectType",
          "triggeringUserId",
          "triggeringUserName",
          "timestamp",
          "extraInfo",
          "flaggingInfo",
          "attachedFiles"
        ],
        "properties": {
          "event": {
            "type": "string",
            "enum": ["files_attached_to_logged_event"]
          },
          "subscriptionId": {
            "type": "integer",
            "example": 345988
          },
          "marketplaceId": {
            "type": "integer",
            "example": 48986474
          },
          "contextObjectId": {
            "type": "integer",
            "example": 88892106
          },
          "contextObjectType": {
            "type": "string",
            "example": "ASSESSMENT_RUN"
          },
          "eventId": {
            "type": "string",
            "example": "AX_cUoL2xZij5ffFHBvU"
          },
          "associatedObjectId": {
            "type": "integer",
            "example": 88892162
          },
          "associatedObjectType": {
            "type": "string",
            "example": "candidate"
          },
          "associatedObjectExternalUserIds": {
            "type": "array",
            "required": ["authType", "externalUserId"],
            "items": {
              "type": "object",
              "properties": {
                "authType": {
                  "type": "string",
                  "example": "IELTS_COMPOSITE_ID"
                },
                "externalUserId": {
                  "type": "string",
                  "example": "RES704"
                }
              }
            }
          },
          "triggeringUserId": {
            "type": "integer",
            "example": 48987315
          },
          "triggeringUserExternalUserIds": {
            "type": "array",
            "items": {
              "type": "object",
              "required": ["authType", "externalUserId"],
              "properties": {
                "authType": {
                  "type": "string",
                  "example": "GENERIC_SAML"
                },
                "externalUserId": {
                  "type": "string",
                  "example": "auth0|5e7b725cc8914a0c77247885"
                }
              }
            }
          },
          "triggeringUserName": {
            "type": "string",
            "example": "Chirag Rao"
          },
          "timestamp": {
            "type": "string",
            "example": "2022-02-16T12:10:38Z#"
          },
          "extraInfo": {
            "type": "object",
            "required": ["value", "type"],
            "properties": {
              "type": {
                "type": "string",
                "example": "JSON"
              },
              "value": {
                "type": "object",
                "required": ["referenceEventId"],
                "properties": {
                  "referenceEventId": {
                    "type": "string",
                    "example": "AX_VPxTrLhO0Z6t98cw0"
                  }
                }
              }
            }
          },
          "flaggingInfo": {
            "type": "object",
            "required": ["flagType"],
            "properties": {
              "flagType": {
                "type": "string",
                "example": "malpractice_id_not_verified"
              },
              "flagSubTypes": {
                "type": "array",
                "items": {
                  "type": "string",
                  "example": ["id_document_mismatch"]
                }
              },
              "comment": {
                "type": "string",
                "example": "id document is not matching"
              },
              "severityLevel": {
                "type": "string",
                "enum": ["warning", "confirmed"],
                "example": "warning"
              }
            }
          },
          "attachedFiles": {
            "type": "array",
            "items": {
              "type": "object",
              "required": [
                "fileName",
                "contentItemId",
                "fileSize",
                "preSignedUrl"
              ],
              "properties": {
                "fileName": {
                  "type": "string",
                  "example": "sample.pdf"
                },
                "contentItemId": {
                  "type": "integer",
                  "example": 88905509
                },
                "fileSize": {
                  "type": "integer",
                  "example": 1253607
                },
                "preSignedUrl": {
                  "type": "string",
                  "example": "https://insperalearning-stage.s3.amazonaws.com/fjordias/2022/03/29/a1fbe67b-5411-45cf-82a3-de546a7f9bde.pdf?response-content-disposition=inline%3B%20filename%3D%22sample3.pdf%22&response-content-encoding=UTF-8&response-content-type=application%2Fpdf&x-amz-security-token=IQoJb3JpZ2luX2VjEEoaCWV1LXdlc3QtMSJIMEYCIQDx4Gg9VuNNP7t14FrRl7TYx6NuQaKDJG32dRRfEo2iNgIhALJ9LE%2BQWPLcYqfKoF%2FA2p5kWYhJO5Hju4Vmf2cx%2FVCqKugDCNP%2F%2F%2F%2F%2F%2F%2F%2F%2F%2FwEQABoMNTUwMzI1MjI3Nzk1IgyF90Mq00F2E5%2FPa3YqvAN0cwt%2BhIpjaZtmrO7eNhd5YAFO%2Beu7SM9ewEVl2Uz4tF1%2FnFeapt82Kg2BKGjRWJP4CkgdNz8SBzxvkoc31VcLBCGK587VWy%2F8gXQV86OgRtuvfqcWSHVMOksT1kkteHynZi%2BKYwixVeGcxLnSen2sUPV6qBb7OA8gmYwKuFcYFafnoyLRFYYC2GVjai9XpyCPa7y5x8u4QjzgofmrsBpmzjAooJnlNBh2gDXIOPgeqhxmeuihdLR76oEO9rKs3EFWd%2B6EzupRBc7I9aLnT5XnOKQKq1%2BNR3xrBz%2F1TFyHoxIGamf0eH7o8NHealuvz1lCOFytMfCBzcJqWBA3VCRh%2BlLFikZeroB3laLF%2B6KSk2tCLSEvf9y%2FZNnxZSSAmULFkAAfuWOLj8%2FDIGSXLq4iuIMqK9t6jWpO%2Bb%2BR2Y%2BxCrPtuGSi%2BMM2ACKUzRPG4CpAuhHA%2BVQgc1x4wXpr2Jp%2FmjLN5TnuKhwHkFz8AiLNjqnwh0ixXE1FQSbKTCKUqnkbgbSag%2BU0qH74W%2BuFdtzc5UY0F9I2FXuWy9ddmMoWJTXgbkvXjf%2BjyAEUolnWCW8tt0Rg0X%2FikUD8x34w4K%2BLkgY6pAFXGUAehO%2F%2BPNOOUmSIPE6TU7vxI%2BUR6ctMLvgP3uaQyzKjiXAQ0f0vn2qvyoOq0kBEaehiM92vO3pbrxg4yPzzU1lm%2BnmlhIpvZKN%2Fdc52ftUDkjJrtIVXUlxCJBBTddSu9jMFY6wwNRwuTT17No13TzoSt%2B12CVhCeQcXMIEjnYhLhlIbnBjBTdUrSKsEZkgrzY5icFtTuFpUuMufHE31nNl3DQ%3D%3D&AWSAccessKeyId=ASIAYAIPQSEJVYESIZPK&Expires=1648554030&Signature=ucPwH5ujt%2B1WGw%2BVESSXznwuFv4%3D"
                }
              }
            }
          }
        }
      },
      "JaggedWebhookCbParentInsperaNodeV1": {
        "oneOf": [
          {
            "$ref": "#/components/schemas/JaggedWebhookCbInsperaNodeV1"
          },
          {
            "$ref": "#/components/schemas/SubscriptionNodeV1"
          }
        ]
      },
      "CandidateFlagAddedWebhookCbParentInsperaNodeV1": {
        "oneOf": [
          {
            "$ref": "#/components/schemas/CandidateFlagAddedNotificationReceivedNodeV1"
          },
          {
            "$ref": "#/components/schemas/SubscriptionNodeV1"
          }
        ]
      },
      "IncidentReportAddedToLoggedEventWebhookCbParentInsperaNodeV1": {
        "oneOf": [
          {
            "$ref": "#/components/schemas/IncidentReportAddedToLoggedEventNotificationReceivedNodeV1"
          },
          {
            "$ref": "#/components/schemas/SubscriptionNodeV1"
          }
        ]
      },
      "FilesAttachedToLoggedEventWebhookCbParentInsperaNodeV1": {
        "oneOf": [
          {
            "$ref": "#/components/schemas/FilesAttachedToLoggedEventNotificationReceivedNodeV1"
          },
          {
            "$ref": "#/components/schemas/SubscriptionNodeV1"
          }
        ]
      },
      "JaggedWebhookCbInsperaNodeV1": {
        "allOf": [
          {
            "$ref": "#/components/schemas/JaggedWebhookCbCommonModel"
          },
          {
            "type": "object",
            "properties": {
              "extraInfo": {
                "type": "object",
                "properties": {
                  "type": {
                    "type": "string",
                    "example": "string"
                  },
                  "value": {
                    "type": "string",
                    "example": "JAGGED: jagged1 OR JAGGED: jagged2",
                    "description": "<jagged status>: <reasonCode>"
                  }
                },
                "description": "Only act if reasonCode in value field is Jagged1 OR Jagged2 ",
                "required": ["value"]
              }
            },
            "required": ["event", "extraInfo"]
          }
        ]
      },
      "SubmissionDeliveredWebhookCbParentInsperaNodeV1": {
        "oneOf": [
          {
            "$ref": "#/components/schemas/SubmissionDeliveredWebhookCbInsperaNodeV1"
          },
          {
            "$ref": "#/components/schemas/SubscriptionNodeV1"
          }
        ]
      },
      "SubmissionDeliveredWebhookCbInsperaNodeV1": {
        "allOf": [
          {
            "$ref": "#/components/schemas/SubmissionWebhookCbCommonModel"
          },
          {
            "type": "object",
            "properties": {
              "associatedObjectId": {
                "type": "integer",
                "description": "Required for requesting export. mandatory for Fjord, Inspera internal TT-id",
                "format": "int32",
                "example": "88302103"
              },
              "associatedObjectType": {
                "type": "string",
                "description": "candidate",
                "example": "candidate",
                "enum": ["candidate"]
              },
              "triggeringUserId": {
                "type": "integer",
                "description": "User ID at inspera end who triggered this submission",
                "format": "int32",
                "example": 88302103
              },
              "triggeringUserName": {
                "type": "string",
                "description": "User Name at inspera end who triggered this submission",
                "example": "ANONYMOUS USER"
              },
              "extraInfo": {
                "type": "object",
                "properties": {
                  "type": {
                    "type": "string",
                    "example": "String"
                  },
                  "value": {
                    "type": "object",
                    "properties": {
                      "contextObjectExternalId": {
                        "type": "string",
                        "example": "123456",
                        "description": "External ID from the Assessment Run"
                      },
                      "submissionType": {
                        "type": "string",
                        "example": "absentee",
                        "description": "Indication of a dummy submission from Inspera"
                      }
                    }
                  }
                },
                "description": "extraInfo"
              }
            },
            "required": [
              "event",
              "marketplaceId",
              "associatedObjectId",
              "associatedObjectType",
              "contextObjectId",
              "contextObjectType",
              "extraInfo"
            ]
          }
        ]
      },
      "SubmissionWebhookCbCommonModel": {
        "type": "object",
        "required": [
          "event",
          "marketplaceId",
          "contextObjectId",
          "contextObjectType",
          "extraInfo",
          "associatedObjectId",
          "associatedObjectType"
        ],
        "properties": {
          "event": {
            "type": "string",
            "enum": ["submission_delivered", "submissions_export_finished"],
            "description": "submission_delivered signals test taker submission is ready",
            "example": "submission_delivered OR submissions_export_finished"
          },
          "marketplaceId": {
            "type": "integer",
            "description": "Numeric ID for the marketplace/tenant where the event originated",
            "example": 54447644
          },
          "contextObjectId": {
            "type": "integer",
            "description": "ASSESSMENT_RUN ID of the component in test for which the submission was delivered. mandatory for Fjord to call export on correct test, Inspera internal testID/ assessmentRunId",
            "format": "int32",
            "example": "88302028"
          },
          "contextObjectType": {
            "type": "string",
            "description": "Assessment Run Id of the test component",
            "example": "ASSESSMENT_RUN",
            "enum": ["ASSESSMENT_RUN"]
          },
          "timestamp": {
            "type": "string",
            "example": "2019-09-12T13:09:56Z",
            "format": "date-time"
          },
          "extraInfo": {
            "type": "object",
            "properties": {
              "type": {
                "type": "string"
              }
            }
          }
        }
      },
      "SubmissionExportWebhookCbParentInsperaNodeV1": {
        "oneOf": [
          {
            "$ref": "#/components/schemas/SubmissionExportWebhookCbInsperaNodeV1"
          },
          {
            "$ref": "#/components/schemas/SubscriptionNodeV1"
          }
        ]
      },
      "SubmissionExportWebhookCbInsperaNodeV1": {
        "allOf": [
          {
            "$ref": "#/components/schemas/SubmissionWebhookCbCommonModel"
          },
          {
            "type": "object",
            "properties": {
              "associatedObjectId": {
                "type": "integer",
                "description": "",
                "format": "int32",
                "example": "67261397"
              },
              "associatedObjectType": {
                "type": "string",
                "description": "user",
                "example": "user"
              },
              "extraInfo": {
                "type": "object",
                "required": ["value"],
                "properties": {
                  "value": {
                    "type": "object",
                    "required": ["presignedUrl", "jobId"],
                    "properties": {
                      "presignedUrl": {
                        "type": "string",
                        "example": "https://insperalearning-prod.s3.eu-west-1.amazonaws.com/<LONG_STRING>"
                      },
                      "jobId": {
                        "type": "integer",
                        "example": 1234
                      },
                      "lastUpdated": {
                        "type": "string"
                      }
                    }
                  },
                  "type": {
                    "type": "string",
                    "example": "JSON"
                  }
                },
                "description": "extraInfo"
              }
            },
            "required": [
              "event",
              "marketplaceId",
              "associatedObjectId",
              "associatedObjectType",
              "contextObjectId",
              "contextObjectType",
              "extraInfo"
            ]
          }
        ]
      }
    },
    "securitySchemes": {
      "Some_Random_Api_Key": {
        "type": "openIdConnect",
        "openIdConnectUrl": "https://CMDS-HOST/auth/connect",
        "description": ""
      }
    }
  }
}
