{
"openapi":"3.0.1",
   "info":{
      "title":"Legacy Adaptor API",
      "version":"1.0",
      "description":"This swagger defines the specification of Legacy Adaptor APIs",
      "license":{
         "name":"Private"
      }
   },
   "paths":{
      "/romaster":{
         "post":{
            "tags":[
               "Legacy Adaptor API"
            ],
            "requestBody":{
               "content":{
                  "application/json":{
                     "schema":{
                        "$ref":"#/components/schemas/MessageV1"
                     }
                  }
               },
               "required":true
            },
            "responses":{
               "200":{
                  "description":"OK",
                  "content":{
                     
                  }
               },
               "400":{
                  "description":"Bad Request",
                  "content":{
                     
                  }
               },
               "401":{
                  "description":"Unauthorised",
                  "content":{
                     
                  }
               },
               "403":{
                  "description":"Forbidden",
                  "content":{
                     
                  }
               }
            },
            "parameters":[
               {
                  "$ref":"#/components/parameters/Authentication"
               }
            ]
         }
      }
   },
   "components":{
   "parameters":{
         "Authentication":{
            "schema":{
               "type":"string"
            },
            "name":"Authentication",
            "in":"header",
            "required":true
         }
      },
	  "schemas":{
	  "MessageV1":{
	  "type":"object",
	  "title":"msg",
            "properties":{
			"msg":{
			"$ref":"#/components/schemas/MessageDetailsV1"
			}
			},
			"required": ["msg"]
	  },
	  "MessageDetailsV1":{
         "type":"array",
		 "title":"messageDetails",
         "items":{
            "type":"object",
            "properties":{
               "rec_Id":{
                  "type":"string",
                  "example":"5db03c10-7c33-4ebb-b8ec-aa634236307a"
               },
               "roData":{
			   "$ref":"#/components/schemas/RoDataV1"
			   }
            },
			"required": ["roData","rec_Id"]
         }
      },
	  "RoDataV1":{	  
                  "type":"object",
                  "properties":{
                     "organisationId":{
                        "type":"integer",
                        "format":"int32",
                        "example":"50142"
                     },
                     "name":{
                        "type":"string",
                        "example":"Ro Name"
                     },
                     "previousEmail":{
                        "type":"string",
                        "example":"abc@xyz.com"
                     },
                     "email":{
                        "type":"string",
                        "example":"tyu@xyz.com"
                     },
                     "title":{
                        "type":"string",
                        "example":"Mr"
                     },
                     "firstName":{
                        "type":"string",
                        "example":"First"
                     },
                     "lastName":{
                        "type":"string",
                        "example":"Last"
                     },
                     "phoneNo":{
                        "type":"string",
                        "example":"111111"
                     },
                     "isDeleted":{
                        "type":"integer",
                        "format":"int32",
                        "example":"0",
						"enum":[0,1]
                     },
                     "countryIsoCode":{
                        "type":"string",
                        "example":"IND"
                     },
                     "addressLine1":{
                        "type":"string",
                        "example":"123"
                     },
                     "addressLine2":{
                        "type":"string",
                        "example":"First Street"
                     },
                     "addressLine3":{
                        "type":"string",
                        "example":"Mumbai"
                     },
                     "addressLine4":{
                        "type":"string",
                        "example":"200001"
                     },
                     "downloadSubscription":{
                        "type":"integer",
                        "format":"int32",
                        "example":"1",
						"enum":[0,1]
                     }
                  },
               "required": ["organisationId", "name","email","firstName","lastName","countryIsoCode","downloadSubscription","isDeleted"]
	  }
	  }
   }
 }     
   