{
	"openapi": "3.0.0",
	"info": {
		"description": "This swagger documentation describes APIs that ORS team needs to expose for CMDS",
		"version": "1.0",
		"title": "ORS",
		"license": {
			"name": "Private"
		}
	},
	"tags": [
		{
			"name": "INT-260",
			"description": "INT-260 TT Organisations selections Change"
		},
		{
			"name": "INT-333",
			"description": "INT-333 TT Organisation Selections Withdraw Outcome"
		},
		{
			"name": "INT-259",
			"description": "INT-259 TT Receiving Organisation selections Change"
		},
		{
			"name": "INT-261",
			"description": "INT-261 TT Results Update"
		}
	],
	"paths": {
	  "/v1/booking/eor/": {
      "post": {
        "tags": [
          "EOR"
        ],
        "summary": "Receives Update events for EOR request from CMDS",
        "description": "INT-405 EOR Request Outcome\n\nParameters in Header based on https://confluence.britishcouncil.org/display/IMPS/HDR-001+AAD%3AHTTP+Request+Header+Attributes\n",
        "requestBody": {
          "content": {
            "application/json": {
              "schema": {
                "$ref": "#/components/schemas/EorRequestOutcome"
              }
            }
          },
          "required": true
        },
        "responses": {
          "202": {
            "description": "Accepted"
          },
          "400": {
            "description": "Invalid request"
          },
          "401": {
            "description": "Unauthorized"
          },
          "403": {
            "description": "Forbidden"
          }
        },
        "parameters": [
          {
            "$ref": "#/components/parameters/Authorization"
          },
          {
            "$ref": "#/components/parameters/eventDateTime"
          },
          {
            "$ref": "#/components/parameters/eventName"
          },
          {
            "$ref": "#/components/parameters/correlationId"
          },
          {
            "$ref": "#/components/parameters/transactionId"
          }
        ]
      }
    },
		"/booking": {
			"post": {
				"tags": [
					"Registration"
				],
				"summary": "Receives response for Booking Creation/Update from CMDS",
				"description": "INT-38 Receives response for Booking Creation/Update from CMDS",
				"requestBody": {
					"content": {
						"application/json": {
							"schema": {
								"$ref": "#/components/schemas/BookingResponse"
							}
						}
					},
					"description": "Response from CMDS for the Booking Creation or Update request",
					"required": true
				},
				"responses": {
					"202": {
						"description": "Accepted"
					},
					"400": {
						"description": "Invalid request"
					},
					"401": {
						"description": "Unauthorized"
					},
					"403": {
						"description": "Forbidden"
					}
				},
				"parameters": [
					{
						"$ref": "#/components/parameters/correlationId"
					},
					{
						"$ref": "#/components/parameters/eventDateTime"
					},
					{
						"$ref": "#/components/parameters/XAccessToken"
					},
					{
						"$ref": "#/components/parameters/transactionId"
					}
				]
			}
		},
		"/v1/booking/refund": {
			"post": {
				"tags": [
					"Refund Request"
				],
				"description": "INT-444 TT Refund Request Change. Parameters in Header based on https://confluence.britishcouncil.org/display/IMPS/HDR-001+AAD%3AHTTP+Request+Header+Attributes",
				"summary": "Receives Update events for Refund Request from CMDS",
				"requestBody": {
					"content": {
						"application/json": {
							"schema": {
								"$ref": "#/components/schemas/RefundRequestResponseV1"
							}
						}
					},
					"description": "Response from CMDS for the Booking Creation or Update request",
					"required": true
				},
				"responses": {
					"202": {
						"description": "Accepted"
					},
					"400": {
						"description": "Invalid request"
					},
					"401": {
						"description": "Unauthorized"
					},
					"403": {
						"description": "Forbidden"
					}
				},
				"parameters": [
					{
						"$ref": "#/components/parameters/correlationId"
					},
					{
						"$ref": "#/components/parameters/eventDateTime"
					},
					{
						"$ref": "#/components/parameters/Authorization"
					},
					{
						"$ref": "#/components/parameters/transactionId"
					},
					{
						"$ref": "#/components/parameters/eventName"
					}
				]
			},
			"put": {
				"tags": [
					"Refund Request"
				],
				"description": "INT-453 TT Refund Change.\n\nParameters in Header based on https://confluence.britishcouncil.org/display/IMPS/HDR-001+AAD%3AHTTP+Request+Header+Attributes",
				"summary": "Receives Update events for Refund from CMDS",
				"requestBody": {
					"content": {
						"application/json": {
							"schema": {
								"$ref": "#/components/schemas/RefundV1"
							}
						}
					},
					"required": true
				},
				"responses": {
					"202": {
						"description": "Accepted"
					},
					"400": {
						"description": "Invalid request"
					},
					"401": {
						"description": "Unauthorized"
					},
					"403": {
						"description": "Forbidden"
					}
				},
				"parameters": [
					{
						"$ref": "#/components/parameters/correlationId"
					},
					{
						"$ref": "#/components/parameters/eventDateTime"
					},
					{
						"$ref": "#/components/parameters/Authorization"
					},
					{
						"$ref": "#/components/parameters/transactionId"
					},
					{
						"$ref": "#/components/parameters/eventName"
					}
				]
			}
		},
		"/api/booking/cancel": {
			"post": {
				"tags": [
					"CancelBooking"
				],
				"summary": "Outcome of booking cancel",
				"description": "The endpoint which will be called with outcome of cancel operation",
				"requestBody": {
					"content": {
						"application/json": {
							"schema": {
								"$ref": "#/components/schemas/OperationResponse"
							}
						}
					},
					"description": "Response from CMDS for the Booking Cancel request",
					"required": true
				},
				"responses": {
					"200": {
						"description": "Accepted"
					},
					"400": {
						"description": "Invalid request"
					},
					"401": {
						"description": "Unauthorized"
					},
					"403": {
						"description": "Forbidden"
					},
					"5XX": {
						"description": "Unexpected server errors"
					}
				},
				"parameters": [{
					"$ref": "#/components/parameters/eventDateTime"
				},
					{
						"$ref": "#/components/parameters/XAccessToken"
					},
					{
						"$ref": "#/components/parameters/correlationId"
					},
					{
						"$ref": "#/components/parameters/transactionId"
					}
				]
			}
		},
		"/v1/booking/transfer": {
			"post": {
				"tags": [
					"BookingTransfer"
				],
				"summary": "The endpoint which will be called with outcome of transfer operation",
				"description": "booking transfer outcome published to ORS",
				"requestBody": {
					"content": {
						"application/json": {
							"schema": {
								"$ref": "#/components/schemas/TransferResponse"
							}
						}
					},
					"description": "Response from CMDS for the Booking Transfer",
					"required": true
				},
				"responses": {
					"202": {
						"description": "Accepted"
					},
					"400": {
						"description": "Invalid request"
					},
					"401": {
						"description": "Unauthorized"
					},
					"403": {
						"description": "Forbidden"
					}
				},
				"parameters": [{
					"$ref": "#/components/parameters/correlationId"
				},
					{
						"$ref": "#/components/parameters/eventDateTime"
					},
					{
						"$ref": "#/components/parameters/XAccessToken"
					},
					{
						"$ref": "#/components/parameters/transactionId"
					}
				]
			}
		},
		"/v1/booking/void": {
			"post": {
				"tags": [
					"BookingVoid"
				],
				"summary": "The endpoint which will be called with outcome of void operation",
				"description": "booking void outcome published to ORS",
				"requestBody": {
					"content": {
						"application/json": {
							"schema": {
								"$ref": "#/components/schemas/VoidedResponse"
							}
						}
					},
					"description": "Response from CMDS for the Booking Void",
					"required": true
				},
				"responses": {
					"202": {
						"description": "Accepted"
					},
					"400": {
						"description": "Invalid request"
					},
					"401": {
						"description": "Unauthorized"
					},
					"403": {
						"description": "Forbidden"
					}
				},
				"parameters": [{
					"$ref": "#/components/parameters/correlationId"
				},
					{
						"$ref": "#/components/parameters/eventDateTime"
					},
					{
						"$ref": "#/components/parameters/XAccessToken"
					}
				]
			}
		},
		"/v1/booking/eor/result": {
      "post": {
        "tags": [
          "EOR"
        ],
        "summary": "Receives Result of EOR",
        "description": "INT-265 EOR Result\n\nParameters in Header based on https://confluence.britishcouncil.org/display/IMPS/HDR-001+AAD%3AHTTP+Request+Header+Attributes\n",
        "requestBody": {
          "content": {
            "application/json": {
              "schema": {
                "$ref": "#/components/schemas/EorRequestResult"
              }
            }
          },
          "required": true
        },
        "responses": {
          "202": {
            "description": "Accepted"
          },
          "400": {
            "description": "Invalid request"
          },
          "401": {
            "description": "Unauthorized"
          },
          "403": {
            "description": "Forbidden"
          }
        },
        "parameters": [
          {
            "$ref": "#/components/parameters/Authorization"
          },
          {
            "$ref": "#/components/parameters/eventDateTime"
          },
          {
            "$ref": "#/components/parameters/eventName"
          },
          {
            "$ref": "#/components/parameters/correlationId"
          },
          {
            "$ref": "#/components/parameters/transactionId"
          }
        ]
      }
    },
		"/v1/booking/organisation-selection/": {
			"post": {
			  "tags": [
				"INT-260"
			  ],
			  "summary": "INT-260 Organisation Selection",
			  "description": "INT-260 TT Organisations selections Change\n\nParameters in Header based on https://confluence.britishcouncil.org/display/IMPS/HDR-001+AAD%3AHTTP+Request+Header+Attributes\n",
			  "requestBody": {
				"content": {
				  "application/json": {
					"schema": {
						"$ref": "#/components/schemas/OrganisationSelectionResponse"
					}
				  }
				},
				"required": true
			  },
			  "responses": {
				"202": {
					"description": "Accepted"
				  },
				  "400": {
					"description": "Invalid request"
				  },
				  "401": {
					"description": "Unauthorized"
				  },
				  "403": {
					"description": "Forbidden"
				  }
			  },
			  "parameters": [
				{
					"$ref": "#/components/parameters/XAccessTokenORS"
				  },
				  {
					"$ref": "#/components/parameters/eventDateTime"
				  },
				  {
					"$ref": "#/components/parameters/eventName"
				  },
				  {
					"$ref": "#/components/parameters/correlationId"
				  },
				  {
					"$ref": "#/components/parameters/transactionId"
				  }
			  ]
			}
		},
		"/v1/booking/organisation-selection/withdraw": {
			"post": {
			  "tags": [
				"INT-333"
			  ],
			  "description": "INT-333 TT Organisation Selections Withdraw Outcome\n\nParameters in Header based on https://confluence.britishcouncil.org/display/IMPS/HDR-001+AAD%3AHTTP+Request+Header+Attributes\n",
			  "requestBody": {
				"content": {
				  "application/json": {
					"schema": {
					  "$ref": "#/components/schemas/OrganisationSelectionWithdrawResponse"
					}
				  }
				},
				"required": true
			  },
			  "responses": {
				"202": {
				  "description": "Accepted"
				},
				"400": {
				  "description": "Invalid request"
				},
				"401": {
				  "description": "Unauthorized"
				},
				"403": {
				  "description": "Forbidden"
				}
			  },
			  "parameters": [
				{
				  "$ref": "#/components/parameters/XAccessTokenORS"
				},
				{
				  "$ref": "#/components/parameters/eventDateTime"
				},
				{
				  "$ref": "#/components/parameters/eventName"
				},
				{
				  "$ref": "#/components/parameters/correlationId"
				},
				{
				  "$ref": "#/components/parameters/transactionId"
				}
			  ]
			}
		},
		"/v1/booking/organisation-selection/delivery-status-update": {
			"post": {
			  "tags": [
				"INT-259"
			  ],
			  "description": "INT-259 TT Receiving Organisation selections delivery status Change\n\nParameters in Header based on https://confluence.britishcouncil.org/display/IMPS/HDR-001+AAD%3AHTTP+Request+Header+Attributes\n",
			  "requestBody": {
				"content": {
				  "application/json": {
					"schema": {
					  "$ref": "#/components/schemas/ReceivingOrganisationSelectionDeliveryStatus"
					}
				  }
				},
				"required": true
			  },
			  "responses": {
				"202": {
				  "description": "Accepted"
				},
				"400": {
				  "description": "Invalid request"
				},
				"401": {
				  "description": "Unauthorized"
				},
				"403": {
				  "description": "Forbidden"
				}
			  },
			  "parameters": [
				{
				  "$ref": "#/components/parameters/XAccessTokenORS"
				},
				{
				  "$ref": "#/components/parameters/eventDateTime"
				},
				{
				  "$ref": "#/components/parameters/eventName"
				},
				{
				  "$ref": "#/components/parameters/correlationId"
				},
				{
				  "$ref": "#/components/parameters/transactionId"
				}
			  ]
			}
		},
		"/v1/booking/results": {
			"post": {
			  "tags": [
				"INT-261"
			  ],
			  "description": "INT-261 Results Publication Requested\nReceives Results and TRF Updates for a given Booking from CMDS\n\nParameters in Header based on https://confluence.britishcouncil.org/display/IMPS/HDR-001+AAD%3AHTTP+Request+Header+Attributes\n",
			  "requestBody": {
				"content": {
				  "application/json": {
					"schema": {
					  "$ref": "#/components/schemas/ResultsUpdate"
					}
				  }
				},
				"required": true
			  },
			  "responses": {
				"202": {
				  "description": "Accepted"
				},
				"400": {
				  "description": "Invalid request"
				},
				"401": {
				  "description": "Unauthorized"
				},
				"403": {
				  "description": "Forbidden"
				}
			  },
			  "parameters": [
				{
				  "$ref": "#/components/parameters/XAccessTokenORS"
				},
				{
				  "$ref": "#/components/parameters/eventDateTime"
				},
				{
				  "$ref": "#/components/parameters/eventName"
				},
				{
				  "$ref": "#/components/parameters/correlationId"
				},
				{
				  "$ref": "#/components/parameters/nonMandatoryTransactionId"
				}
			  ]
			}
		},
		"/v1/ttBanned": {
			"post": {
				"description": "Publication of banned action back to ORS",
				"requestBody": {
					"content": {
						"application/json": {
							"schema": {
								"$ref": "#/components/schemas/TtBanResponse"
							}
						}
					},
					"required": true
				},
				"responses": {
					"202": {
						"description": "Accepted"
					},
					"400": {
						"description": "Invalid request"
					},
					"401": {
						"description": "Unauthorized"
					},
					"403": {
						"description": "Forbidden"
					}
				},
				"parameters": [
					{
						"$ref": "#/components/parameters/correlationId"
					},
					{
						"$ref": "#/components/parameters/eventDateTime"
					},
					{
						"$ref": "#/components/parameters/XAccessToken"
					},
					{
						"$ref": "#/components/parameters/transactionId"
					}
				]
			}
		},
		"/v1/ttBanDeleted/": {
			"post": {
				"description": "Publication of deleted banned action back to ORS",
				"requestBody": {
					"content": {
						"application/json": {
							"schema": {
								"$ref": "#/components/schemas/TtBanResponse"
							}
						}
					},
					"required": true
				},
				"responses": {
					"202": {
						"description": "Accepted"
					},
					"400": {
						"description": "Invalid request"
					},
					"401": {
						"description": "Unauthorized"
					},
					"403": {
						"description": "Forbidden"
					}
				},
				"parameters": [
					{
						"$ref": "#/components/parameters/eventDateTime"
					},
					{
						"$ref": "#/components/parameters/XAccessToken"
					},
					{
						"$ref": "#/components/parameters/correlationId"
					},
					{
						"$ref": "#/components/parameters/transactionId"
					}
				]
			}
		},
		"/v1/test-taker/ban": {
			"post": {
				"tags": [
					"Test Taker"
				],
				"summary": "Receives information from CMDS that BAN period has been applied against Test Taker",
				"description": "INT-252 Test Taker Banned",
				"requestBody": {
					"content": {
						"application/json": {
							"schema": {
								"$ref": "#/components/schemas/TestTakerBanV1"
							}
						}
					},
					"description": "Receives event from CMDS that ban has been applied against Test Taker",
					"required": true
				},
				"responses": {
					"202": {
						"description": "Accepted"
					},
					"400": {
						"description": "Invalid request"
					},
					"401": {
						"description": "Unauthorized"
					},
					"403": {
						"description": "Forbidden"
					}
				},
				"parameters": [
					{
						"$ref": "#/components/parameters/correlationId"
					},
					{
						"$ref": "#/components/parameters/eventDateTime"
					},
					{
						"$ref": "#/components/parameters/Authorization"
					}
				]
			}
		},
		"/v1/booking/ban": {
			"post": {
				"tags": [
					"Booking"
				],
				"summary": "Receives information from CMDS that BAN has been applied against the Booking",
				"description": "INT-474 Booking Banned",
				"requestBody": {
					"content": {
						"application/json": {
							"schema": {
								"$ref": "#/components/schemas/BookingBanV1"
							}
						}
					},
					"description": "Receives event from CMDS that __ban__ has been applied against the Booking",
					"required": true
				},
				"responses": {
					"202": {
						"description": "Accepted"
					},
					"400": {
						"description": "Invalid request"
					},
					"401": {
						"description": "Unauthorized"
					},
					"403": {
						"description": "Forbidden"
					}
				},
				"parameters": [
					{
						"$ref": "#/components/parameters/correlationId"
					},
					{
						"$ref": "#/components/parameters/eventDateTime"
					},
					{
						"$ref": "#/components/parameters/Authorization"
					}
				]
			}
		},
		"/v1/test-taker/unban": {
			"post": {
				"tags": [
					"Test Taker"
				],
				"summary": "Receives information from CMDS that Test Taker BAN entry has been removed",
				"description": "INT-427 Unban test taker",
				"requestBody": {
					"content": {
						"application/json": {
							"schema": {
								"$ref": "#/components/schemas/UnbanV1"
							}
						}
					},
					"description": "Information emitted by CMDS regarding removal of a Test Taker BAN entry",
					"required": true
				},
				"responses": {
					"202": {
						"description": "Accepted"
					},
					"400": {
						"description": "Invalid request"
					},
					"401": {
						"description": "Unauthorized"
					},
					"403": {
						"description": "Forbidden"
					}
				},
				"parameters": [
					{
						"$ref": "#/components/parameters/correlationId"
					},
					{
						"$ref": "#/components/parameters/eventDateTime"
					},
					{
						"$ref": "#/components/parameters/Authorization"
					}
				]
			}
		},
		"/v1/booking/unban": {
			"post": {
				"tags": [
					"Booking"
				],
				"summary": "Receives information from CMDS that the Booking has been unbanned.",
				"description": "INT-475 Booking Unbanned",
				"requestBody": {
					"content": {
						"application/json": {
							"schema": {
								"$ref": "#/components/schemas/BookingUnbanV1"
							}
						}
					},
					"description": "Receives event from CMDS that the Booking has been unbanned",
					"required": true
				},
				"responses": {
					"202": {
						"description": "Accepted"
					},
					"400": {
						"description": "Invalid request"
					},
					"401": {
						"description": "Unauthorized"
					},
					"403": {
						"description": "Forbidden"
					}
				},
				"parameters": [
					{
						"$ref": "#/components/parameters/correlationId"
					},
					{
						"$ref": "#/components/parameters/eventDateTime"
					},
					{
						"$ref": "#/components/parameters/Authorization"
					}
				]
			}
		}
	},
	"components": {
		"parameters": {
			"correlationId": {
				"schema": {
					"type": "string",
					"format": "UUID"
				},
				"name": "correlationId",
				"in": "header",
				"required": true
			},
			"transactionId": {
				"schema": {
					"type": "string",
					"format": "UUID"
				},
				"name": "transactionId",
				"in": "header",
				"required": true
			},
			"nonMandatoryTransactionId": {
				"schema": {
					"type": "string",
					"format": "UUID"
				},
				"name": "transactionId",
				"in": "header",
				"required": false
			},
			"eventDateTime": {
				"schema": {
					"type": "string",
					"format": "date-time"
				},
				"name": "eventDateTime",
				"in": "header",
				"required": true
			},
			"XAccessToken": {
				"schema": {
					"type": "string"
				},
				"name": "x-access-token",
				"in": "header",
				"required": false
			},
			"XAccessTokenORS": {
				"schema": {
					"type": "string"
				},
				"name": "x-access-token",
				"in": "header",
				"required": true
			},
			"eventName": {
				"schema": {
					"type": "string"
				},
				"name": "eventName",
				"in": "header",
				"required": false
			},
			"Authorization": {
        "schema": {
          "type": "string"
        },
        "name": "Authorization",
        "in": "header",
        "required": true
      }
		},
		"responses": {
			"Ack": {
			  "description": "Accepted",
			  "content": {
				"application/json": {
				  "schema": {
					"$ref": "#/components/schemas/ResponseWithTransactionID"
				  }
				}
			  }
			},
			"BadRequest": {
			  "description": "Invalid input",
			  "content": {
				"application/json": {
				  "schema": {
					"$ref": "#/components/schemas/ErrorResponse"
				  }
				}
			  }
			}
		},
		"schemas": {
			"BookingResponse": {
				"type": "object",
				"properties": {
					"response": {
						"$ref": "#/components/schemas/TestTakerResponse"
					},
					"errors": {
						"$ref": "#/components/schemas/ErrorResponse"
					}
				}
			},
			"TestTakerResponse": {
				"type": "object",
				"properties": {
					"bookingUuid": {
						"type": "string",
						"format": "uuid",
						"description": "Unique id generated for booking in CMDS"
					},
					"externalBookingUuid": {
						"type": "string",
						"description": "Unique id generated for booking in ORS",
						"format": "uuid"
					},
					"isVoid": {
						"type": "boolean",
						"example": false
					},
					"bookingStatus": {
						"type": "string",
						"enum": [
							"PAID",
							"CANCELLED"
						]
					},
					"testTaker": {
						"type": "object",
						"properties": {
							"externalUniqueTestTakerUuid": {
								"type": "string",
								"description": "Id of the Test taker (Master data owner - ORS)",
								"format": "uuid"
							},
							"uniqueTestTakerUuid": {
								"type": "string",
								"format": "uuid",
								"description": "Not Part of ACT013 - Unique Id of the Test taker (Master data owner - CMDS)"
							},
							"uniqueTestTakerId": {
								"type": "string",
								"description": "Unique human-readable IELTS Test Taker ID to be 6 characters long of the Test taker (Master data owner - CMDS)"
							},
							"matchConfidenceLevel": {
								"type": "string",
								"description": "Not Part of ACT013",
								"enum": [
									"HIGH",
									"MEDIUM",
									"LOW"
								]
							},
							"shortCandidateNumber": {
								"type": "string",
								"description": "6 digit test taker number",
								"example": "000168"
							},

							"compositeCandidateNumber": {
								"type": "string",
								"description": "<<TestCentreId>><<UK FINANCIAL YEAR YY FORMAT>><<shortCandidateNumber>>",
								"example": "AU24020123456"
							},
							"sebPassword": {
								"type": "string",
								"description": "string"
							},
							"testPlatformUsername": {
								"type": "string",
								"description": "string"
							},
							"testPlatformPassword": {
								"type": "string",
								"description": "string"
							},
							"bannedStatus": {
								"type": "string",
								"enum": [
									"UNKNOWN",
									"BANNED",
									"NOTBANNED"
								]
							}
						},
						"required": [
							"bannedStatus",
							"testPlatformPassword",
							"testPlatformUsername",
							"sebPassword",
							"compositeCandidateNumber",
							"shortCandidateNumber",
							"externalUniqueTestTakerUuid"
						]
					},
					"bookingLines": {
						"type": "array",
						"items": {
							"$ref": "#/components/schemas/BookingLineResponse"
						}
					}
				},
				"required": [
					"externalBookingUuid",
					"bookingUuid",
					"bookingStatus"
				]
			},
			"BookingLineResponse": {
				"type": "object",
				"properties": {
					"bookingLineUuid": {
						"type": "string",
						"format": "uuid",
						"description": "Unique id of the Bookingline generated by CMDS"
					},
					"externalBookingLineUuid": {
						"type": "string",
						"format": "uuid",
						"description": "Id of Booking line generated in ORS"
					}
				},
				"required": [
					"externalBookingLineUuid",
					"bookingLineUuid"
				]
			},
			"OperationResponse": {
				"type": "object",
				"properties": {
					"response": {
						"$ref": "#/components/schemas/CancelOutcome"
					},
					"errors": {
						"$ref": "#/components/schemas/Error"
					}
				}
			},
			"CancelOutcome": {
				"type": "object",
				"properties": {
					"bookingUuid": {
						"type": "string",
						"format": "uuid",
						"description": "Unique id generated for booking in CMDS"
					},
					"externalBookingUuid": {
						"type": "string",
						"description": "Unique id generated for booking in ORS",
						"format": "uuid"
					},
					"externalBookingReference": {
						"type": "string",
						"example": "ABC123"
					},
					"bookingStatus": {
						"type": "string",
						"enum": [
							"CANCELLED"
						]
					}
				},
				"required": [
					"externalBookingUuid",
					"bookingUuid",
					"bookingStatus"
				]
			},
			"TransferResponse": {
				"type": "object",
				"properties": {
					"response": {
						"$ref": "#/components/schemas/TransferOutcome"
					},
					"errors": {
						"$ref": "#/components/schemas/ErrorResponse"
					}
				}
			},
			"TransferOutcome": {
				"type": "object",
				"properties": {
					"bookingUuid": {
						"type": "string",
						"example": "ab032fe3-f292-4bba-8178-394c01fb254f",
						"format": "uuid"
					},
					"externalBookingUuid": {
						"type": "string",
						"example": "cef4fcb1-2bd2-51f3-889d-abd47d775533",
						"format": "uuid"
					},
					"testDate": {
						"type": "string",
						"format": "date",
						"example": "2021-03-31"
					},
					"bookingStatus": {
						"type": "string",
						"enum": [
							"PAID"
						]
					},
					"testTaker": {
						"$ref": "#/components/schemas/TestTakerDetails"
					},
					"bookingLines": {
						"type": "array",
						"items": {
							"$ref": "#/components/schemas/BookingLineResponse"
						}
					}
				},
				"required": [
					"externalBookingUuid",
					"bookingUuid",
					"testDate",
					"bookingStatus"
				]
			},
			"VoidedResponse": {
				"type": "object",
				"properties": {
					"response": {
						"$ref": "#/components/schemas/VoidOutcome"
					},
					"errors": {
						"$ref": "#/components/schemas/ErrorResponse"
					}
				}
			},
			"VoidOutcome": {
				"type": "object",
				"properties": {

					"externalBookingUuid": {
						"type": "string",
						"example": "cef4fcb1-2bd2-51f3-889d-abd47d775533",
						"format": "uuid"
					},
					"compositeCandidateNumber": {
						"type": "string",
						"minLength": 13,
						"maxLength": 13,
						"example": "AU24020123456"
					}
				},
				"required": [
					"externalBookingUuid",
					"compositeCandidateNumber"
				]
			},
			"TestTakerDetails": {
				"type": "object",
				"properties": {
					"externalUniqueTestTakerUuid": {
						"type": "string",
						"description": "Id of the Test taker (Master data owner - ORS)",
						"format": "uuid"
					},
					"uniqueTestTakerUuid": {
						"type": "string",
						"format": "uuid",
						"description": "Not Part of ACT013 - Unique Id of the Test taker (Master data owner - CMDS)"
					},
					"shortCandidateNumber": {
						"type": "string",
						"description": "6 digit test taker number",
						"example": "000168"
					},

					"compositeCandidateNumber": {
						"type": "string",
						"description": "<<TestCentreId>><<UK FINANCIAL YEAR YY FORMAT>><<shortCandidateNumber>>",
						"example": "002IO20002123"
					},
					"sebPassword": {
						"type": "string",
						"format": "based64 encoded",
						"description": "based64 encoded seb password",
						"example": "WCtFdWZKOExscQ"
					},
					"bannedStatus": {
						"type": "string",
						"enum": [
							"UNKNOWN",
							"BANNED",
							"NOTBANNED"
						]
					}
				},
				"required": [
					"sebPassword",
					"bannedStatus",
					"compositeCandidateNumber",
					"shortCandidateNumber",
					"uniqueTestTakerUuid",
					"externalUniqueTestTakerUuid"
				]
			},
			"OrganisationSelectionResponse": {
				"type": "object",
				"properties": {
				  "response": {
					"$ref": "#/components/schemas/OrganisationSelection"
				  },
				  "errors": {
					"$ref": "#/components/schemas/ErrorResponse"
				  }
				}
			},
			"OrganisationSelection": {
				"type": "object",
				"required": [
				  "externalBookingUuid",
				  "selection"
				],
				"properties": {
				  "externalBookingUuid": {
					"type": "string",
					"format": "UUID",
					"example": "12kjgh23-hj23-45ty-hj34yu23nmjk",
					"description": "Unique id generated for a Booking in ORS."
				  },
				  "selection": {
					"type": "object",
					"required": [
					  "selectionUuid",
					  "externalSelectionUuid"
					],
					"properties": {
					  "selectionUuid": {
						"type": "string",
						"format": "UUID",
						"example": "12kjgh23-hj23-45ty-hj34yu23nmjk",
						"description": "Unique id generated for selection in CMDS"
					  },
					  "externalSelectionUuid": {
						"type": "string",
						"format": "UUID",
						"example": "12kjgh23-hj23-45ty-hj34yu23nmjk",
						"description": "Represents a unique id generated by ORS for a selection of an RO, VO or UA, to which Results should be sent if Results met condition specified by Test Taker"
					  }
					}
				  }
				}
			  },
			  "Selection": {
				"type": "object",
				"description": "Represents RO and VO with which Results should be shared.",
				"properties": {
				  "Organisation": {
					"type": "object",
					"required": [
					  "organisationUuid"
					],
					"properties": {
					  "organisationUuid": {
						"type": "string",
						"format": "UUID",
						"example": "12kjgh23-hj23-45ty-hj34yu23nmjk",
						"description": "CMDS generated unique id of Recognising or Verified Organisation."
					  }
					}
				  }
				}
			  },
			  "UnverifiedAddress": {
				"type": "object",
				"properties": {
				  "unverifiedAddress": {
					"type": "object",
					"required": [
					  "organisationName"
					],
					"properties": {
					  "organisationName": {
						"type": "string",
						"example": "University of Something"
					  },
					  "contactKnownName": {
						"type": "string",
						"example": "John"
					  },
					  "address": {
						"$ref": "#/components/schemas/Address"
					  }
					}
				  }
				}
			  },
			  "Address": {
				"type": "object",
				"required": [
				  "addressLine1",
				  "countryIso3Code"
				],
				"properties": {
				  "addressLine1": {
					"type": "string",
					"example": "Cambridge Assessment"
				  },
				  "addressLine2": {
					"type": "string",
					"example": "The Triangle Building"
				  },
				  "addressLine3": {
					"type": "string",
					"example": "Shaftesbury Road"
				  },
				  "addressLine4": {
					"type": "string",
					"example": "string"
				  },
				  "city": {
					"type": "string",
					"example": "Cambridge"
				  },
				  "territoryUuid": {
					"type": "string",
					"format": "UUID",
					"example": "12kjgh23-hj23-45ty-hj34yu23nmjk"
				  },
				  "territoryIsoCode": {
					"type": "string",
					"example": "GB-CAM"
				  },
				  "countryIso3Code": {
					"type": "string",
					"example": "GBR"
				  },
				  "postalCode": {
					"type": "string",
					"example": "CB2 8EA"
				  },
				  "email": {
					"type": "string",
					"format": "email",
					"example": "info@cambridgeassessment.org.uk"
				  },
				  "phone": {
					"type": "string",
					"example": "+44 (0)1223 553311"
				  }
				}
			  },
			  "MinimumScore": {
				"type": "object",
				"description": "Mandatory if confirmationStatus set to CONDITIONAL. Determines the minimum score that should trigger the process of delivering results to a recipient of a given selectionÂ Selection.",
				"required": [
				  "overallMinimumScore"
				],
				"properties": {
				  "overallMinimumScore": {
					"type": "number",
					"format": "float",
					"example": 6.5,
					"minimum": 1,
					"maximum": 9,
					"multipleOf": 0.5,
					"description": "Represents a minimum overall score for a given selection."
				  },
				  "componentMinimumScores": {
					"type": "array",
					"minItems": 1,
					"maxItems": 4,
					"description": "Represents minimum score conditions set at a component level.",
					"items": {
					  "type": "object",
					  "required": [
						"minimumScore",
						"component"
					  ],
					  "properties": {
						"minimumScore": {
						  "type": "number",
						  "format": "float",
						  "example": 6.5,
						  "minimum": 1,
						  "maximum": 9,
						  "multipleOf": 0.5,
						  "description": "Represents a minimum component score for a given selection."
						},
						"component": {
						  "type": "string",
						  "enum": [
							"L",
							"R",
							"W",
							"S"
						  ],
						  "example": "L",
						  "description": "Code of the component."
						}
					  }
					}
				  }
				}
			  },
			  "ResponseWithTransactionID": {
				"type": "object",
				"properties": {
				  "transactionId": {
					"type": "string",
					"description": "Unique identifier for the transaction."
				  }
				}
			},
			"OrganisationSelectionWithdrawResponse": {
				"type": "object",
				"properties": {
				  "response": {
					"$ref": "#/components/schemas/OrganisationSelectionWithdrawal"
				  },
				  "errors": {
					"$ref": "#/components/schemas/ErrorResponse"
				  }
				}
			},
			"OrganisationSelectionWithdrawal": {
				"type": "object",
				"required": [
				  "externalBookingUuid",
				  "selection"
				],
				"properties": {
				  "externalBookingUuid": {
					"type": "string",
					"format": "UUID",
					"example": "12kjgh23-hj23-45ty-hj34yu23nmjk",
					"description": "Unique id generated for a Booking in ORS."
				  },
				  "selection": {
					"type": "object",
					"required": [
					  "externalSelectionUuid",
					  "confirmationStatus",
					  "confirmationStatusChangedDateTime"
					],
					"properties": {
					  "externalSelectionUuid": {
						"type": "string",
						"format": "UUID",
						"example": "12kjgh23-hj23-45ty-hj34yu23nmjk",
						"description": "Represents a unique id generated by ORS for a selection of an RO, VO or UA, to which Results should be sent if Results met condition specified by Test Taker."
					  },
					  "confirmationStatus": {
						"type": "string",
						"enum": [
						  "WITHDRAWN"
						],
						"example": "WITHDRAWN",
						"default": "WITHDRAWN",
						"description": "Determines type of selection:\n1. Withdrawn - selection is not valid anymore. \n"
					  },
					  "confirmationStatusChangedDateTime": {
						"type": "string",
						"format": "date-time",
						"example": "2017-07-21T17:32:28.000Z",
						"pattern": "^\\d{4}-\\d{2}-\\d{2}T\\d{2}:\\d{2}:\\d{2}\\.\\d{3}Z$",
						"description": "UTC date and time of when confirmation status was changed"
					  }
					}
				  }
				}
			},
			"ReceivingOrganisationSelectionDeliveryStatus": {
				"type": "object",
				"required": [
				  "externalBookingUuid",
				  "selection"
				],
				"properties": {
				  "externalBookingUuid": {
					"type": "string",
					"format": "UUID",
					"example": "12kjgh23-hj23-45ty-hj34yu23nmjk",
					"description": "Unique id generated for a Booking in ORS."
				  },
				  "externalBookingReference": {
					"type": "string",
					"maxLength": 100,
					"description": "Booking reference from external system"
				  },
				  "trfNumber": {
					"type": "string",
					"example": "19GB001234SMIJ59",
					"maxLength": 18,
					"description": "Test Report Form number"
				  },
				  "selection": {
					"type": "object",
					"required": [
					  "selectionUuid",
					  "externalSelectionUuid",
					  "deliveryStatus",
					  "deliveryStatusChangedDateTime"
					],
					"properties": {
					  "selectionUuid": {
						"type": "string",
						"format": "UUID",
						"description": "Unique id generated for selection in CMDS"
					  },
					  "externalSelectionUuid": {
						"type": "string",
						"format": "UUID",
						"example": "12kjgh23-hj23-45ty-hj34yu23nmjk",
						"description": "Represents a unique id generated by ORS for a selection of an RO, VO or UA, to which Results should be sent if Results met condition specified by Test Taker"
					  },
					  "deliveryStatus": {
						"type": "string",
						"enum": [
						  "DELIVERY_REQUESTED",
						  "DELIVERED",
						  "UNDELIVERED",
						  "REDELIVERY_REQUESTED",
						  "REDELIVERED"
						],
						"example": "DELIVERED",
						"default": "UNDELIVERED",
						"description": "Determines delivery status:\n1. Delivered - TRF was printed or shared with RO.\n2. Undelivered - TRF was not printed nor shared with RO.\n"
					  },
					  "deliveryStatusChangedDateTime": {
						"type": "string",
						"format": "date-time",
						"example": "2017-07-21T17:32:28.000Z",
						"pattern": "^\\d{4}-\\d{2}-\\d{2}T\\d{2}:\\d{2}:\\d{2}\\.\\d{3}Z$",
						"description": "UTC date and time of when delivery status was changed"
					  }
					}
				  }
				}
			},
			"ResultsUpdate": {
				"type": "object",
				"required": [
				  "externalBookingUuid",
				  "trfNumber",
				  "resultUuid",
				  "resultTypeUuid",
				  "cefrLevel",
				  "publicationRequestedDateTime",
				  "resultScore",
				  "resultLines"
				],
				"properties": {
				  "externalBookingUuid": {
					"type": "string",
					"format": "UUID",
					"example": "12kjgh23-hj23-45ty-hj34yu23nmjk",
					"description": "Unique id generated for a Booking in ORS."
				  },
				  "trfNumber": {
					"type": "string",
					"example": "19GB001234SMIJ59",
					"maxLength": 18,
					"description": "Test Report Form number"
				  },
				  "resultUuid": {
					"type": "string",
					"format": "UUID",
					"example": "qpujgh23-hj23-45ty-hj34yu23nmjk"
				  },
				  "resultTypeUuid": {
					"type": "string",
					"format": "UUID",
					"example": "ghtjgh23-hj23-45ty-hj34yu23nmjk"
				  },
				  "cefrLevel": {
					"type": "string",
					"example": "B2",
					"maxLength": 2,
					"description": "Set to empty string if Results are invalidated"
				  },
				  "publicationRequestedDateTime": {
					"type": "string",
					"format": "date-time",
					"example": "2017-07-21T17:32:28.000Z",
					"pattern": "^\\d{4}-\\d{2}-\\d{2}T\\d{2}:\\d{2}:\\d{2}\\.\\d{3}Z$"
				  },
				  "resultScore": {
					"type": "string",
					"format": "float",
					"example": 6.5,
					"minimum": 0,
					"maximum": 10,
					"multipleOf": 0.1,
					"description": "Set to 0 if Results are invalidated"
				  },
				  "absence": {
					"type": "boolean",
					"example": false
				  },
				  "administratorComments": {
					"type": "string",
					"maxLength": 100
				  },
				  "resultLines": {
					"type": "array",
					"items": {
					  "$ref": "#/components/schemas/ResultLine"
					}
				  },
				  "resultRenditions": {
					"type": "array",
					"description": "Not set if Results are invalidated",
					"items": {
					  "$ref": "#/components/schemas/ResultRendition"
					}
				  }
				}
			},
			"RefundRequestResponseV1": {
				"type": "object",
				"properties": {
				  "response": {
					"$ref": "#/components/schemas/RefundRequestV1"
				  },
				  "errors": {
					"$ref": "#/components/schemas/ErrorResponse"
				  }
				}
			  },
			  "RefundRequestV1": {
				"type": "object",
				"required": [
				  "externalBookingUuid",
				  "refundRequest"
				],
				"properties": {
					"externalBookingUuid": {
						"type": "string",
						"description": "external booking uuid for which refund has to be processed",
						"example": "e9880928-0cfc-441d-b0e3-576174a5a1d3",
						"format": "uuid"
					},
					"refundRequest": {
						"properties": {
							"refundRequestUuid": {
								"type": "string",
								"description": "Unique id generated for selection in CMDS",
								"example": "e9880928-0cfc-441d-b0e3-576174a5a1d3",
								"format": "uuid"
							},
							"externalRefundRequestUuid": {
								"type": "string",
								"description": "Refund uuid from external system",
								"example": "e9880928-0cfc-441d-b0e3-576174a5a1d3",
								"format": "uuid"
							}
						},
						"required": [
							"refundRequestUuid",
							"externalRefundRequestUuid"
						  ]
					}
			  }
			},
			"RefundV1": {
				"type": "object",
				"required": [
				  "externalBookingUuid",
				  "refundRequest"
				],
				"properties": {
					"externalBookingUuid": {
						"type": "string",
						"example": "e9880928-0cfc-441d-b0e3-576174a5a1d3",
						"format": "uuid"
					},
					"refundRequest": {
						"properties": {
							"refundRequestUuid": {
								"type": "string",
								"description": "Unique id generated for selection in CMDS",
								"example": "e9880928-0cfc-441d-b0e3-576174a5a1d3",
								"format": "uuid"
							},
							"externalRefundRequestUuid": {
								"type": "string",
								"description": "Refund uuid from external system",
								"example": "e9880928-0cfc-441d-b0e3-576174a5a1d3",
								"format": "uuid"
							},
							"refundRequestStatus": {
								"type": "string",
								"example": "APPROVED",
								"enum": [
									"PENDING",
									"APPROVED",
									"REJECTED"
									]
								}
						},
						"required": [
							"refundRequestUuid",
							"externalRefundRequestUuid",
							"refundRequestStatus"
						  ]
					}
			  }
			},
			"EorRequestResult": {
        "type": "object",
        "properties": {
          "response": {
            "$ref": "#/components/schemas/EorRequest"
          },
          "errors": {
            "$ref": "#/components/schemas/ErrorResponse"
          }
        }
      },
			"EorRequestOutcome": {
        "type": "object",
        "properties": {
          "response": {
            "$ref": "#/components/schemas/EorRequest"
          },
          "errors": {
            "$ref": "#/components/schemas/ErrorResponse"
          }
        }
      },
      "EorRequest": {
        "type": "object",
        "required": [
          "externalEorUuid",
          "externalBookingUuid",
          "eorLines",
          "eorUuid",
          "externalEorId",
          "originalScore",
          "eorScore",
          "eorResultLines",
          "resultUuid"
        ],
        "properties": {
          "eorUuid": {
            "type": "string",
            "format": "UUID",
            "example": "12kjgh23-hj23-45ty-hj34yu23nmjk",
            "description": "Unique id generated for a EOR in CMDS."
          },
          "externalEorUuid": {
            "type": "string",
            "format": "UUID",
            "example": "12kjgh23-hj23-45ty-hj34yu23nmjk",
            "description": "Unique id generated for a EOR in ORS."
          },
          "externalEorId": {
            "type": "string",
            "format": "UUID",
            "maxLength": 100,
            "description": "Human readable ID generated for a EOR in CMDS."
          },"externalBookingUuid": {
            "type": "string",
            "format": "UUID",
            "example": "12kjgh23-hj23-45ty-hj34yu23nmjk",
            "description": "Unique id generated for a Booking in ORS."
          },
          "resultUuid": {
            "type": "string",
            "format": "UUID",
            "example": "qpujgh23-hj23-45ty-hj34yu23nmjk",
            "description": "Stores UUID of EOR results that will be shared over INT-261   \n"
          }
        }
      },
      "EorResultLine": {
        "type": "object",
        "description": "",
        "required": [
          "resultLineUuid",
          "externalBookingLineUuid",
          "bookingLineUuid",
          "originalLineScore",
          "eorLineScore",
          "component"
        ],
        "properties": {
          "resultLineUuid": {
            "type": "string",
            "format": "UUID",
            "example": "12kjgh23-hj23-45ty-hj34yu23nmjk"
          },
          "externalBookingLineUuid": {
            "type": "string",
            "description": "Booking Line Uuid assigned by ORS",
            "format": "UUID"
          },
          "component": {
            "type": "string",
            "enum": [
              "L",
              "R",
              "W",
              "S"
            ],
            "example": "W"
          },
          "originalLineScore": {
            "type": "string",
            "format": "float",
            "example": 7,
            "minimum": 0,
            "maximum": 10,
            "multipleOf": 0.1
          },
          "eorLineScore": {
            "type": "string",
            "format": "float",
            "example": 7.5,
            "minimum": 0,
            "maximum": 10,
            "multipleOf": 0.1
          },
          "absence": {
            "type": "boolean",
            "example": false,
            "default": false,
            "description": "For PI6, PI7, and PI8 always set to false"
          }
        }
      },
			"ResultLine": {
				"type": "object",
				"required": [
				  "resultLineUuid",
				  "bookingLineUuid",
				  "externalBookingLineUuid",
				  "componentName",
				  "resultLineScore",
				  "absence"
				],
				"properties": {
				  "resultLineUuid": {
					"type": "string",
					"format": "UUID",
					"example": "12kjgh23-hj23-45ty-hj34yu23nmjk"
				  },
				  "externalBookingLineUuid": {
					"type": "string",
					"example": "09bc0a7b-d3bd-4b35-8383-90d6dea357f0",
					"format": "UUID"
				  },
				  "componentName": {
					"type": "string",
					"enum": [
					  "L",
					  "R",
					  "W",
					  "S"
					],
					"example": "W"
				  },
				  "resultLineScore": {
					"type": "number",
					"format": "float",
					"example": 6.5,
					"minimum": 0,
					"maximum": 10,
					"multipleOf": 0.1,
					"description": "Set to 0 if Results are invalidated"
				  },
				  "absence": {
					"type": "boolean",
					"example": false
				  }
				}
			},
			"ResultRendition": {
				"type": "object",
				"required": [
				  "resultsRenditionUuid",
				  "renditionTypeUuid",
				  "renditionUrl",
				  "renditionVersion",
				  "renditionDescription"
				],
				"properties": {
				  "resultsRenditionUuid": {
					"type": "string",
					"format": "UUID",
					"example": "12kjgh23-hj23-45ty-hj34yu23nmjk"
				  },
				  "renditionTypeUuid": {
					"type": "string",
					"format": "UUID",
					"example": "12kjgh23-hj23-45ty-hj34yu23thsj"
				  },
				  "renditionUrl": {
					"type": "string",
					"format": "URL",
					"maxLength": 500
				  },
				  "renditionVersion": {
					"type": "string",
					"maxLength": 100,
					"example": "1.0"
				  },
				  "renditionDescription": {
					"type": "string",
					"maxLength": 100
				  }
				}
			},
			"ErrorResponse": {
				"title": "ErrorResponse",
				"type": "object",
				"description": "Data model of the ErrorResponse. It can be both sync and async",
				"properties": {
					"errorList": {
						"type": "array",
						"items": {
							"type": "object",
							"properties": {
								"interface": {
									"type": "string",
									"description": "Name of the interface that raised the Error. It's mostly name of the Service",
									"example": "string:v1/booking/transfer"
								},
								"type": {
									"type": "string",
									"enum": [
										"WARNING",
										"ERROR",
										"VALIDATION"
									],
									"description": "Type of the error. Possible values: validation, processing, system, other..."
								},
								"errorCode": {
									"type": "string",
									"description": "The code identifying the error",
									"example": "E0023"
								},
								"title": {
									"type": "string",
									"description": "The title identifying the error",
									"example": "Date of Birth Validation Failure"
								},
								"message": {
									"type": "string",
									"description": "The message identifying the error",
									"example": "Past Date of Birth should be given"
								},
								"errorTicketUuid": {
									"type": "string",
									"description": "TicketId assigned by some ticketing system. It may be empty when it's a sync validation response."
								},
								"source": {
									"type": "object",
									"properties": {
										"path": {
											"type": "string",
											"description": "Name of the problematic field. It should also point field even inside bigger structures (i.e. objA.fields[0].field)"
										},
										"value": {
											"type": "string",
											"description": "Value of the attribute",
											"example": "111"
										}
									}
								}
							},
							"required": [
								"interface",
								"type",
								"details"
							]
						}
					}
				}
			},
			"ORSGenericReferenceRecord": {
				"title": "ORS - GenericReferenceRecord",
				"type": "object",
				"properties": {
					"uuid": {
						"description": "Id of the reference record",
						"example": "a734d4d1-61e8-4a7e-9f62-ac766a8c6d14",
						"type": "string",
						"format": "uuid"
					},
					"code": {
						"type": "string",
						"description": "Code of the reference record",
						"example": "F"
					},
					"name": {
						"type": "string",
						"description": "Name of the reference record",
						"example": "Female"
					},
					"legacyReferenceId": {
						"type": "string",
						"description": "Legacy Id for the reference record used by the IWAS system",
						"example": "AFG"
					},
					"effectiveFromDate": {
						"type": "string",
						"description": "The date at which the data comes to effect in YYYY-MM-DD format",
						"format": "date",
						"example": "2020-01-01"
					},
					"effectiveToDate": {
						"type": "string",
						"description": "The date till which the data is effective in YYYY-MM-DD format",
						"format": "date",
						"example": "2020-01-01"
					}
				},
				"required": [
					"effectiveToDate",
					"effectiveFromDate",
					"name",
					"uuid"
				]
			},
			"ORSGenericIsoReferenceRecord": {
				"title": "ORS - GenericReferenceRecordForCountryTerritory",
				"type": "object",
				"properties": {
					"uuid": {
						"description": "Id of the reference record",
						"example": "a734d4d1-61e8-4a7e-9f62-ac766a8c6d14",
						"type": "string",
						"format": "uuid"
					},
					"code": {
						"type": "string",
						"description": "Code of the reference record",
						"example": "F"
					},
					"name": {
						"type": "string",
						"description": "Name of the reference record",
						"example": "Female"
					},
					"legacyReferenceId": {
						"type": "string",
						"description": "Legacy Id for the reference record used by the IWAS system",
						"example": "AFG"
					},
					"effectiveFromDate": {
						"type": "string",
						"description": "The date at which the data comes to effect in YYYY-MM-DD format",
						"format": "date",
						"example": "2020-01-01"
					},
					"effectiveToDate": {
						"type": "string",
						"description": "The date till which the data is effective in YYYY-MM-DD format",
						"format": "date",
						"example": "2020-01-01"
					},
					"territories": {
						"description": "Territories under the country",
						"type": "array",
						"items": {
							"$ref": "#/components/schemas/ORSGenericReferenceRecord"
						}
					}
				},
				"required": [
					"effectiveToDate",
					"effectiveFromDate",
					"name",
					"uuid"
				]
			},
			"LegacyGenericReferenceRecord": {
				"title": "Legacy - GenericReferenceRecord",
				"type": "object",
				"properties": {
					"referenceId": {
						"description": "Id of the reference record",
						"example": 453452,
						"type": "number"
					},
					"referenceName": {
						"type": "string",
						"description": "Name of the reference record",
						"example": "Secondary up to 16 years"
					},
					"description": {
						"description": "Description of the reference record",
						"example": "Academic",
						"type": "string"
					},
					"legacyReferenceId": {
						"type": "string",
						"description": "Legacy Id for the reference record used by the IWAS system",
						"example": "012"
					},
					"effectiveFromDate": {
						"type": "string",
						"description": "The date at which the data comes to effect in YYYY-MM-DD format",
						"format": "date",
						"example": "2020-01-01"
					},
					"effectiveToDate": {
						"type": "string",
						"description": "The date till which the data is effective in YYYY-MM-DD format",
						"format": "date",
						"example": "2020-01-01"
					}
				},
				"required": [
					"effectiveToDate",
					"effectiveFromDate",
					"referenceName",
					"referenceId"
				]
			},
			"LegacyGenericIsoReferenceRecord": {
				"title": "Legacy - GenericIsoReferenceRecord",
				"type": "object",
				"properties": {
					"referenceId": {
						"description": "ISO3Code of the Reference record",
						"example": 453452,
						"type": "number"
					},
					"referenceName": {
						"type": "string",
						"description": "Name of the reference record",
						"example": "Secondary up to 16 years"
					},
					"iso3Code": {
						"type": "string",
						"description": "ISO3 code of the reference record",
						"example": "AFG"
					},
					"legacyReferenceId": {
						"type": "string",
						"description": "Legacy Id for the reference record used by the IWAS system",
						"example": "AFG"
					},
					"effectiveFromDate": {
						"type": "string",
						"description": "The date at which the data comes to effect in YYYY-MM-DD format",
						"format": "date",
						"example": "2020-01-01"
					},
					"effectiveToDate": {
						"type": "string",
						"description": "The date till which the data is effective in YYYY-MM-DD format",
						"format": "date",
						"example": "2020-01-01"
					}
				},
				"required": [
					"referenceId",
					"referenceName",
					"effectiveFromDate",
					"effectiveToDate"
				]
			},
			"Error": {
				"title": "Error",
				"type": "object",
				"description": "Data model of the Error.",
				"properties": {
					"errorList": {
						"type": "array",
						"items": {
							"type": "object",
							"properties": {
								"interface": {
									"type": "string",
									"description": "Name of the interface that raised the Error. It's mostly name of the Service",
									"example": "string:v1/booking/cancel"
								},
								"type": {
									"type": "string",
									"enum": [
										"WARNING",
										"ERROR",
										"VALIDATION"
									],
									"description": "Type of the error. Possible values: validation, processing, system, other..."
								},
								"errorCode": {
									"type": "string",
									"description": "The code identifying the error",
									"example": "E0023"
								},
								"message": {
									"type": "string",
									"description": "The message identifying the error",
									"example": "Past Date of Birth should be given"
								},
								"errorTicketUuid": {
									"type": "string",
									"description": "TicketId assigned by some ticketing system. It may be empty when it's a sync validation response.",
									"format": "UUID",
									"example": " f4ac0bbd-35b2-43f2-b32b-186b2c4b4bb5"
								},
								"source": {
									"type": "object",
									"properties": {
										"path": {
											"type": "string",
											"description": "Name of the problematic field. It should also point field even inside bigger structures (i.e. objA.fields[0].field)"
										},
										"value": {
											"type": "string",
											"description": "Value of the attribute",
											"example": "111"
										}
									}
								}
							},
							"required": [
								"interface",
								"type"
							]
						}
					}
				}
			},
			"TtBanResponse": {
				"type": "object",
				"properties": {
					"response": {
						"$ref": "#/components/schemas/BanDetailsV1"
					},
					"errors": {
						"$ref": "#/components/schemas/Error"
					}
				}
			},
			"BanDetailsV1": {
				"type": "object",
				"description": "Details regarding ban assigned against Test Taker",
				"properties": {
					"banUuid": {
						"type": "string",
						"description": "unique identifier of particular ban against Test Taker",
						"format": "UUID",
						"example": "be0b93b4-5542-49e5-8f38-5758c5a4733c"
					},
					"banReasonUuid": {
						"type": "string",
						"description": "Identifier from LPR defining reason of ban",
						"format": "UUID",
						"example": "829dbf09-ec8e-4cbe-a021-b88eaa801193"
					},
					"locations": {
						"description": "collection of locationUuids affected by applied ban \n  \n  _currently it should always return single element with root ( global) value of location_\n",
						"type": "array",
						"minItems": 1,
						"items": {
							"type": "string",
							"format": "UUID",
							"example": "4a2f69d2-bf39-4a4a-884c-aff3c87e2352"
						}
					},
					"startDate": {
						"type": "string",
						"format": "date",
						"description": "attribute that describes date from which ban is applied against the test taker"
					},
					"endDate": {
						"type": "string",
						"format": "date",
						"description": "attribute that describes date untill ban is applied against the test taker,in case of lifetime ban it will be 99 years"
					},
					"comment": {
						"type": "string",
						"example": "Test day Malpractice",
						"description": "Comment to the ban in case of `Other` option in _banReasonUuid_ attribute it is mandatory. It should be empty for any different value of _banReasonUuid_"
					}
				},
				"required": [
					"banReasonUuid",
					"locations",
					"banUuid",
					"startDate",
					"endDate",
					"bannedBookings",
					"unbannedBookings"
				]
			},
			"TestTakerBanV1": {
				"type": "object",
				"properties": {
					"uniqueTestTakerUuid": {
						"type": "string",
						"format": "UUID",
						"example": "0cea92c2-0ffa-4744-a735-59025776abce",
						"description": "UUID assigned by CMS which uniquely identifies Test Taker via suitability checks"
					},
					"uniqueTestTakerId": {
						"type": "string",
						"description": "human-readable IELTS Test Taker Id",
						"example": "T-0J-0B94-8H7M",
						"maxLength": 14
					},
					"details": {
						"$ref": "#/components/schemas/BanDetailsV1"
					}
				},
				"required": [
					"uniqueTestTakerUuid",
					"uniqueTestTakerId",
					"details"
				]
			},
			"BookingBanDetailsV1": {
				"type": "object",
				"description": "Details regarding ban assigned against Test Taker",
				"properties": {
					"banUuid": {
						"type": "string",
						"description": "unique identifier of particular ban against Test Taker",
						"format": "UUID",
						"example": "be0b93b4-5542-49e5-8f38-5758c5a4733c"
					},
					"banReasonUuid": {
						"type": "string",
						"description": "Identifier from LPR defining reason of ban",
						"format": "UUID",
						"example": "829dbf09-ec8e-4cbe-a021-b88eaa801193"
					},
					"comment": {
						"type": "string",
						"example": "Test day Malpractice",
						"description": "Comment to the ban in case of `Other` option in _banReasonUuid_ attribute it is mandatory. It should be empty for any different value of _banReasonUuid_"
					}
				},
				"required": [
					"banReasonUuid",
					"locations",
					"banUuid",
					"startDate",
					"endDate",
					"bannedBookings",
					"unbannedBookings"
				]
			},
			"BookingBanV1": {
				"type": "object",
				"properties": {
					"externalBookingUuid": {
						"type": "string",
						"format": "UUID",
						"example": "f9ff8997-213c-4dda-b856-c5782ce6685e"
					},
					"testDate": {
						"type": "string",
						"format": "date",
						"example": "2023-03-01",
						"pattern": "^\\d{4}\\-\\d{2}\\-\\d{2}$"
					},
					"uniqueTestTakerUuid": {
						"type": "string",
						"format": "UUID",
						"example": "0cea92c2-0ffa-4744-a735-59025776abce",
						"description": "UUID assigned by CMS which uniquely identifies Test Taker via suitability checks"
					},
					"details": {
						"$ref": "#/components/schemas/BookingBanDetailsV1"
					}
				},
				"required": [
					"externalBookingUuid",
					"testDate",
					"uniqueTestTakerUuid",
					"details"
				]
			},
			"UnbanV1": {
				"type": "object",
				"properties": {
					"banUuid": {
						"type": "string",
						"format": "UUID",
						"example": "38f2fca1-e88a-47f2-b5a0-1f45b034288e"
					},
					"uniqueTestTakerUuid": {
						"type": "string",
						"format": "UUID",
						"example": "0cea92c2-0ffa-4744-a735-59025776abce",
						"description": "UUID assigned by CMS which uniquely identifies Test Taker via suitability checks"
					},
					"uniqueTestTakerId": {
						"type": "string",
						"description": "human-readable IELTS Test Taker Id",
						"maxLength": 14,
						"example": "T-0J-0B94-8H7M"
					}
				},
				"required": [
					"uniqueTestTakerUuid",
					"uniqueTestTakerId",
					"banUuid"
				]
			},
			"BookingUnbanV1": {
				"type": "object",
				"properties": {
					"externalBookingUuid": {
						"type": "string",
						"format": "UUID",
						"example": "f9ff8997-213c-4dda-b856-c5782ce6685e"
					},
					"testDate": {
						"type": "string",
						"format": "date",
						"example": "2023-03-01",
						"pattern": "^\\d{4}\\-\\d{2}\\-\\d{2}$"
					},
					"uniqueTestTakerUuid": {
						"type": "string",
						"format": "UUID",
						"example": "0cea92c2-0ffa-4744-a735-59025776abce",
						"description": "UUID assigned by CMS which uniquely identifies Test Taker via suitability checks"
					},
					"banUuid": {
						"type": "string",
						"format": "UUID",
						"example": "511cba8c-9f7c-4a4d-8f1e-72974b7510f1"
					}
				},
				"required": [
					"externalBookingUuid",
					"testDate",
					"uniqueTestTakerUuid",
					"banUuid"
				]
			}
		}
	}
}
