<?xml version="1.0" encoding="UTF-8"?>
<config xmlns='http://www.ehcache.org/v3'>
    <cache alias="countries">
        <key-type>org.springframework.cache.interceptor.SimpleKey</key-type>
        <value-type>java.util.List</value-type>
        <expiry>
            <ttl unit="minutes">5</ttl>
        </expiry>
        <resources>
            <heap unit="kB">10</heap>
        </resources>
    </cache>
    <cache alias="territories">
        <key-type>org.springframework.cache.interceptor.SimpleKey</key-type>
        <value-type>java.util.List</value-type>
        <expiry>
            <ttl unit="minutes">5</ttl>
        </expiry>
        <resources>
            <heap unit="kB">10</heap>
        </resources>
    </cache>
    <cache alias="contacttypes">
        <key-type>org.springframework.cache.interceptor.SimpleKey</key-type>
        <value-type>java.util.List</value-type>
        <expiry>
            <ttl unit="minutes">5</ttl>
        </expiry>
        <resources>
            <heap unit="kB">10</heap>
        </resources>
    </cache>
    <cache alias="organisationtypes">
        <key-type>org.springframework.cache.interceptor.SimpleKey</key-type>
        <value-type>java.util.List</value-type>
        <expiry>
            <ttl unit="minutes">5</ttl>
        </expiry>
        <resources>
            <heap unit="kB">10</heap>
        </resources>
    </cache>
    <cache alias="addresstypes">
        <key-type>org.springframework.cache.interceptor.SimpleKey</key-type>
        <value-type>java.util.List</value-type>
        <expiry>
            <ttl unit="minutes">5</ttl>
        </expiry>
        <resources>
            <heap unit="kB">10</heap>
        </resources>
    </cache>
    <cache alias="sectortypes">
        <key-type>org.springframework.cache.interceptor.SimpleKey</key-type>
        <value-type>java.util.List</value-type>
        <expiry>
            <ttl unit="minutes">5</ttl>
        </expiry>
        <resources>
            <heap unit="kB">10</heap>
        </resources>
    </cache>
</config>