{
  "fieldsList": [
    {
      "name": "Product Module",
      "xPos": 370.08,
      "yPos": 82.08,
      "width": 206.64,
      "height": 0,
      "mandatory": true,
      "type": "CENTRETEXT",
      "font": "OPEN_SANS",
      "fontSize": 12,
      "fieldPath": "productModule"
    },
    {
      "name": "TRF Number",
      "xPos": 439.92,
      "yPos": 716.84,
      "width": 0,
      "height": 0,
      "mandatory": true,
      "type": "TEXT",
      "font": "OPEN_SANS",
      "fontSize": 10,
      "fieldPath": "trfNumber"
    },
    {
      "name": "Booking Date",
      "xPos": 272.16,
      "yPos": 145.48419,
      "width": 0,
      "height": 0,
      "mandatory": true,
      "type": "TEXT",
      "font": "OPEN_SANS",
      "fontSize": 10,
      "fieldPath": "bookingTestDate"
    },
    {
      "name": "Centre Number",
      "xPos": 109.4453,
      "yPos": 145.48419,
      "width": 0,
      "height": 0,
      "mandatory": true,
      "type": "TEXT",
      "font": "OPEN_SANS",
      "fontSize": 10,
      "fieldPath": "centreNumber"
    },
    {
      "name": "Date of Birth",
      "xPos": 112.32,
      "yPos": 333.36,
      "width": 0,
      "height": 0,
      "mandatory": true,
      "type": "TEXT",
      "font": "OPEN_SANS",
      "fontSize": 10,
      "fieldPath": "dateOfBirth"
    },
    {
      "name": "Candidate Number",
      "xPos": 503.28,
      "yPos": 145.48413,
      "width": 0,
      "height": 0,
      "mandatory": true,
      "type": "TEXT",
      "font": "OPEN_SANS",
      "fontSize": 10,
      "fieldPath": "candidateNumber"
    },
    {
      "name": "Family Name",
      "xPos": 112.32,
      "yPos": 210.64417,
      "width": 0,
      "height": 0,
      "mandatory": false,
      "type": "TEXT",
      "font": "OPEN_SANS",
      "fontSize": 10,
      "fieldPath": "familyName"
    },
    {
      "name": "First Name",
      "xPos": 112.32,
      "yPos": 247.44409,
      "width": 0,
      "height": 0,
      "mandatory": false,
      "type": "TEXT",
      "font": "OPEN_SANS",
      "fontSize": 10,
      "fieldPath": "firstName"
    },
    {
      "name": "Candidate ID",
      "xPos": 112.32,
      "yPos": 284.4641,
      "width": 0,
      "height": 0,
      "mandatory": true,
      "type": "TEXT",
      "font": "OPEN_SANS",
      "fontSize": 10,
      "fieldPath": "candidateId"
    },
    {
      "name": "Sex",
      "xPos": 340.5,
      "yPos": 332.73422,
      "width": 0,
      "height": 0,
      "mandatory": true,
      "type": "TEXT",
      "font": "OPEN_SANS",
      "fontSize": 10,
      "fieldPath": "sex"
    },
    {
      "name": "Scheme Code",
      "xPos": 462.24,
      "yPos": 332.73416,
      "width": 0,
      "height": 0,
      "mandatory": true,
      "type": "TEXT",
      "font": "OPEN_SANS",
      "fontSize": 10,
      "fieldPath": "schemeCode"
    },
    {
      "name": "Country",
      "xPos": 112.32,
      "yPos": 369.36,
      "width": 0,
      "height": 0,
      "mandatory": false,
      "type": "TEXT",
      "font": "OPEN_SANS",
      "fontSize": 10,
      "fieldPath": "countryOrRegionOfOrigin"
    },
     {
      "name": "Nationality",
      "xPos": 112.32,
      "yPos": 405.55,
      "width": 0,
      "height": 0,
      "mandatory": false,
      "type": "TEXT",
      "font": "OPEN_SANS",
      "fontSize": 10,
      "fieldPath": "countryOfNationality"
    },
    {
      "name": "First Language",
      "xPos": 112.32,
      "yPos": 442.55,
      "width": 0,
      "height": 0,
      "mandatory": true,
      "type": "TEXT",
      "font": "OPEN_SANS",
      "fontSize": 10,
      "fieldPath": "firstLanguage"
    },
    {
      "name": "Overall Band Score",
      "xPos": 459.8,
      "yPos": 513.8141,
      "width": 0,
      "height": 0,
      "mandatory": true,
      "type": "TEXT",
      "font": "OPEN_SANS",
      "fontSize": 10,
      "fieldPath": "overallBandScore"
    },
    {
      "name": "Listening",
      "xPos": 78.63,
      "yPos": 513.8141,
      "width": 0,
      "height": 0,
      "mandatory": true,
      "type": "TEXT",
      "font": "OPEN_SANS",
      "fontSize": 10,
      "fieldPath": "listening"
    },
    {
      "name": "Reading",
      "xPos": 174.0,
      "yPos": 513.8141,
      "width": 0,
      "height": 0,
      "mandatory": true,
      "type": "TEXT",
      "font": "OPEN_SANS",
      "fontSize": 10,
      "fieldPath": "reading"
    },
    {
      "name": "Writing",
      "xPos": 267.65,
      "yPos": 513.8141,
      "width": 0,
      "height": 0,
      "mandatory": true,
      "type": "TEXT",
      "font": "OPEN_SANS",
      "fontSize": 10,
      "fieldPath": "writing"
    },
    {
      "name": "Speaking",
      "xPos": 362.0,
      "yPos": 513.8141,
      "width": 0,
      "height": 0,
      "mandatory": true,
      "type": "TEXT",
      "font": "OPEN_SANS",
      "fontSize": 10,
      "fieldPath": "speaking"
    },
    {
      "name": "Below",
      "xPos": 547.1,
      "yPos": 508.05,
      "width": 0,
      "height": 0,
      "mandatory": false,
      "type": "TEXT",
      "font": "OPEN_SANS",
      "fontSize": 9,
      "fieldPath": "below"
    },
    {
      "name": "CEFR Level",
      "xPos": 554.4,
      "yPos": 520.12,
      "width": 0,
      "height": 0,
      "mandatory": true,
      "type": "TEXT",
      "font": "OPEN_SANS",
      "fontSize": 9,
      "fieldPath": "cefrLevel"
    },
    {
      "name": "Admin Comments",
      "xPos": 22.32,
      "yPos": 579.6,
      "width": 305,
      "height": 75,
      "mandatory": false,
      "type": "WRAPTEXT",
      "yPosIncrement": 11.52,
      "font": "OPEN_SANS",
      "fontSize": 10,
      "fieldPath": "comments"
    },
    {
      "name": "Issue Date",
      "xPos": 247.68,
      "yPos": 716.84,
      "width": 0,
      "height": 0,
      "mandatory": true,
      "type": "TEXT",
      "font": "OPEN_SANS",
      "fontSize": 10,
      "fieldPath": "date"
    },
    {
      "name": "TestTaker Photo",
      "xPos": 449.28,
      "yPos": 295.8,
      "width": 127,
      "height": 121.68,
      "mandatory": true,
      "type": "IMAGE",
      "fieldPath": "ttPhoto"
    }
  ]
}