{
  "fieldsList": [
    {
      "name": "Product Module",
      "xPos": 359.75,
      "yPos": 64.13,
      "width": 207.36,
      "height": 0,
      "mandatory": true,
      "type": "CENTRETEXT",
      "font": "OPEN_SANS",
      "fontSize": 12,
      "fieldPath": "productModule"
    },
    {
      "name": "TRF Number",
      "xPos": 424.5,
      "yPos": 707.09,
      "width": 0,
      "height": 0,
      "mandatory": true,
      "type": "TEXT",
      "font": "OPEN_SANS",
      "fontSize": 10,
      "fieldPath": "trfNumber"
    },
    {
      "name": "Booking Date",
      "xPos": 271.0,
      "yPos": 131.0,
      "width": 0,
      "height": 0,
      "mandatory": true,
      "type": "TEXT",
      "font": "OPEN_SANS",
      "fontSize": 10,
      "fieldPath": "bookingTestDate"
    },
    {
      "name": "Centre Number",
      "xPos": 116.0,
      "yPos": 131.0,
      "width": 0,
      "height": 0,
      "mandatory": true,
      "type": "TEXT",
      "font": "OPEN_SANS",
      "fontSize": 10,
      "fieldPath": "centreNumber"
    },
    {
      "name": "Date of Birth",
      "xPos": 116.0,
      "yPos": 340.42,
      "width": 0,
      "height": 0,
      "mandatory": true,
      "type": "TEXT",
      "font": "OPEN_SANS",
      "fontSize": 10,
      "fieldPath": "dateOfBirth"
    },
    {
      "name": "Candidate Number",
      "xPos": 498.75,
      "yPos": 131.0,
      "width": 0,
      "height": 0,
      "mandatory": true,
      "type": "TEXT",
      "font": "OPEN_SANS",
      "fontSize": 10,
      "fieldPath": "candidateNumber"
    },
    {
      "name": "Family Name",
      "xPos": 116.0,
      "yPos": 198.85,
      "width": 0,
      "height": 0,
      "mandatory": false,
      "type": "TEXT",
      "font": "OPEN_SANS",
      "fontSize": 10,
      "fieldPath": "familyName"
    },
    {
      "name": "First Name",
      "xPos": 116.0,
      "yPos": 231.09,
      "width": 0,
      "height": 0,
      "mandatory": false,
      "type": "TEXT",
      "font": "OPEN_SANS",
      "fontSize": 10,
      "fieldPath": "firstName"
    },
    {
      "name": "Candidate ID",
      "xPos": 116.0,
      "yPos": 263.0,
      "width": 0,
      "height": 0,
      "mandatory": true,
      "type": "TEXT",
      "font": "OPEN_SANS",
      "fontSize": 10,
      "fieldPath": "candidateId"
    },
    {
      "name": "Sex",
      "xPos": 331.17,
      "yPos": 340.42,
      "width": 0,
      "height": 0,
      "mandatory": true,
      "type": "TEXT",
      "font": "OPEN_SANS",
      "fontSize": 10,
      "fieldPath": "sex"
    },
    {
      "name": "Scheme Code",
      "xPos": 467.5,
      "yPos": 340.42,
      "width": 0,
      "height": 0,
      "mandatory": true,
      "type": "TEXT",
      "font": "OPEN_SANS",
      "fontSize": 10,
      "fieldPath": "schemeCode"
    },
    {
      "name": "Country",
      "xPos": 116.0,
      "yPos": 372.71,
      "width": 0,
      "height": 0,
      "mandatory": false,
      "type": "TEXT",
      "font": "OPEN_SANS",
      "fontSize": 10,
      "fieldPath": "countryOrRegionOfOrigin"
    },
    {
      "name": "Nationality",
      "xPos": 116.0,
      "yPos": 404.1,
      "width": 0,
      "height": 0,
      "mandatory": false,
      "type": "TEXT",
      "font": "OPEN_SANS",
      "fontSize": 10,
      "fieldPath": "countryOfNationality"
    },
    {
      "name": "First Language",
      "xPos": 116.0,
      "yPos": 435.74,
      "width": 0,
      "height": 0,
      "mandatory": true,
      "type": "TEXT",
      "font": "OPEN_SANS",
      "fontSize": 10,
      "fieldPath": "firstLanguage"
    },
    {
      "name": "Overall Band Score",
      "xPos": 461.97,
      "yPos": 507.68,
      "width": 0,
      "height": 0,
      "mandatory": true,
      "type": "TEXT",
      "font": "OPEN_SANS",
      "fontSize": 10,
      "fieldPath": "overallBandScore"
    },
    {
      "name": "Listening",
      "xPos": 89.93,
      "yPos": 507.68,
      "width": 0,
      "height": 0,
      "mandatory": true,
      "type": "TEXT",
      "font": "OPEN_SANS",
      "fontSize": 10,
      "fieldPath": "listening"
    },
    {
      "name": "Reading",
      "xPos": 183.72,
      "yPos": 507.68,
      "width": 0,
      "height": 0,
      "mandatory": true,
      "type": "TEXT",
      "font": "OPEN_SANS",
      "fontSize": 10,
      "fieldPath": "reading"
    },
    {
      "name": "Writing",
      "xPos": 274.47,
      "yPos": 507.68,
      "width": 0,
      "height": 0,
      "mandatory": true,
      "type": "TEXT",
      "font": "OPEN_SANS",
      "fontSize": 10,
      "fieldPath": "writing"
    },
    {
      "name": "Speaking",
      "xPos": 372.22,
      "yPos": 507.68,
      "width": 0,
      "height": 0,
      "mandatory": true,
      "type": "TEXT",
      "font": "OPEN_SANS",
      "fontSize": 10,
      "fieldPath": "speaking"
    },
    {
      "name": "CEFR Level",
      "xPos": 544.06,
      "yPos": 507.68,
      "width": 0,
      "height": 0,
      "mandatory": true,
      "type": "TEXT",
      "font": "OPEN_SANS",
      "fontSize": 10,
      "fieldPath": "cefrLevel"
    },
    {
      "name": "Admin Comments",
      "xPos": 33.0,
      "yPos": 575.0,
      "width": 297.0,
      "height": 75,
      "mandatory": false,
      "type": "WRAPTEXT",
      "yPosIncrement": 11.52,
      "font": "OPEN_SANS",
      "fontSize": 10,
      "fieldPath": "comments"
    },
    {
      "name": "Issue Date",
      "xPos": 249.49,
      "yPos": 707.09,
      "width": 0,
      "height": 0,
      "mandatory": true,
      "type": "TEXT",
      "font": "OPEN_SANS",
      "fontSize": 10,
      "fieldPath": "date"
    },
    {
      "name": "TestTaker Photo",
      "xPos": 439.4,
      "yPos": 291.75,
      "width": 127,
      "height": 121.68,
      "mandatory": true,
      "type": "IMAGE",
      "fieldPath": "ttPhoto"
    },
    {
      "name": "UKVI Number",
      "xPos": 116.0,
      "yPos": 295.2,
      "width": 0,
      "height": 0,
      "mandatory": true,
      "type": "TEXT",
      "font": "OPEN_SANS",
      "fontSize": 10,
      "fieldPath": "ukviNumber"
    }
  ]
}
