{
  "fieldsList": [
    {
      "name": "Product Module",
      "xPos": 361.25,
      "yPos": 63.73,
      "width": 207.36,
      "height": 0,
      "mandatory": true,
      "type": "CENTRETEXT",
      "font": "OPEN_SANS",
      "fontSize": 12,
      "fieldPath": "productModule"
    },
    {
      "name": "Template Notes",
      "xPos": 63.84,
      "yPos": 89.21,
      "width": 0,
      "height": 0,
      "mandatory": false,
      "type": "TEXT",
      "font": "OPEN_SANS_MEDIUM_ITALIC",
      "fontSize": 6,
      "fieldPath": "templateNotes"
    },
    {
      "name": "Single Skill Resit Header Label",
      "xPos": 361.25,
      "yPos": 37.55,
      "width": 207.36,
      "height": 0,
      "mandatory": false,
      "type": "CENTRETEXT",
      "font": "OPEN_SANS_BOLD",
      "fontSize": 10 ,
      "fieldPath": "singleSkillResitHeaderLabel"
    },
    {
      "name": "Listening Resit Scores Label",
      "xPos": 29.0,
      "yPos": 522,
      "width": 0,
      "height": 0,
      "mandatory": false,
      "type": "TEXT",
      "font": "OPEN_SANS_BOLD",
      "fontSize": 9 ,
      "fieldPath": "listeningResitScoresLabel"
    },
    {
      "name": "Reading Resit Scores Label",
      "xPos": 127.85,
      "yPos": 522,
      "width": 0,
      "height": 0,
      "mandatory": false,
      "type": "TEXT",
      "font": "OPEN_SANS_BOLD",
      "fontSize": 9 ,
      "fieldPath": "readingResitScoresLabel"
    },
    {
      "name": "Writing Resit Scores Label",
      "xPos": 221.5,
      "yPos": 522,
      "width": 0,
      "height": 0,
      "mandatory": false,
      "type": "TEXT",
      "font": "OPEN_SANS_BOLD",
      "fontSize": 9 ,
      "fieldPath": "writingResitScoresLabel"
    },
    {
      "name": "Speaking Resit Scores Label",
      "xPos": 312.55,
      "yPos": 522,
      "width": 0,
      "height": 0,
      "mandatory": false,
      "type": "TEXT",
      "font": "OPEN_SANS_BOLD",
      "fontSize": 9 ,
      "fieldPath": "speakingResitScoresLabel"
    },
    {
      "name": "TRF Number",
      "xPos": 425.26,
      "yPos": 715.0,
      "width": 0,
      "height": 0,
      "mandatory": true,
      "type": "TEXT",
      "font": "OPEN_SANS",
      "fontSize": 10 ,
      "fieldPath": "trfNumber"
    },
    {
      "name": "Booking Date",
      "xPos": 271.48,
      "yPos": 139.0,
      "width": 0,
      "height": 0,
      "mandatory": true,
      "type": "TEXT",
      "font": "OPEN_SANS",
      "fontSize": 10 ,
      "fieldPath": "bookingTestDate"
    },
    {
      "name": "Centre Number",
      "xPos": 116.0,
      "yPos": 139.0,
      "width": 0,
      "height": 0,
      "mandatory": true,
      "type": "TEXT",
      "font": "OPEN_SANS",
      "fontSize": 10 ,
      "fieldPath": "centreNumber"
    },
    {
      "name": "Date of Birth",
      "xPos": 116.0,
      "yPos": 347.0,
      "width": 0,
      "height": 0,
      "mandatory": true,
      "type": "TEXT",
      "font": "OPEN_SANS",
      "fontSize": 10 ,
      "fieldPath": "dateOfBirth"
    },
    {
      "name": "Candidate Number",
      "xPos": 498.93,
      "yPos": 139.0,
      "width": 0,
      "height": 0,
      "mandatory": true,
      "type": "TEXT",
      "font": "OPEN_SANS",
      "fontSize": 10 ,
      "fieldPath": "candidateNumber"
    },
    {
      "name": "Family Name",
      "xPos": 116.0,
      "yPos": 207.0,
      "width": 0,
      "height": 0,
      "mandatory": false,
      "type": "TEXT",
      "font": "OPEN_SANS",
      "fontSize": 10 ,
      "fieldPath": "familyName"
    },
    {
      "name": "First Name",
      "xPos": 116.0,
      "yPos": 239.09,
      "width": 0,
      "height": 0,
      "mandatory": false,
      "type": "TEXT",
      "font": "OPEN_SANS",
      "fontSize": 10 ,
      "fieldPath": "firstName"
    },
    {
      "name": "Candidate ID",
      "xPos": 116.0,
      "yPos": 271.0,
      "width": 0,
      "height": 0,
      "mandatory": true,
      "type": "TEXT",
      "font": "OPEN_SANS",
      "fontSize": 10 ,
      "fieldPath": "candidateId"
    },
    {
      "name": "Sex",
      "xPos": 333.21,
      "yPos": 347.0,
      "width": 0,
      "height": 0,
      "mandatory": true,
      "type": "TEXT",
      "font": "OPEN_SANS",
      "fontSize": 10,
      "fieldPath": "sex"
    },
    {
      "name": "Scheme Code",
      "xPos": 470.98,
      "yPos": 347.0,
      "width": 0,
      "height": 0,
      "mandatory": true,
      "type": "TEXT",
      "font": "OPEN_SANS",
      "fontSize": 10 ,
      "fieldPath": "schemeCode"
    },
    {
      "name": "Country",
      "xPos": 116.0,
      "yPos": 379.34,
      "width": 0,
      "height": 0,
      "mandatory": false,
      "type": "TEXT",
      "font": "OPEN_SANS",
      "fontSize": 10 ,
      "fieldPath": "countryOrRegionOfOrigin"
    },
    {
      "name": "Nationality",
      "xPos": 116.0,
      "yPos": 411.34,
      "width": 0,
      "height": 0,
      "mandatory": false,
      "type": "TEXT",
      "font": "OPEN_SANS",
      "fontSize": 10 ,
      "fieldPath": "countryOfNationality"
    },
    {
      "name": "First Language",
      "xPos": 116.0,
      "yPos": 442.9,
      "width": 0,
      "height": 0,
      "mandatory": true,
      "type": "TEXT",
      "font": "OPEN_SANS",
      "fontSize": 10 ,
      "fieldPath": "firstLanguage"
    },
    {
      "name": "Overall Band Score",
      "xPos": 462.8,
      "yPos": 516.02,
      "width": 0,
      "height": 0,
      "mandatory": true,
      "type": "TEXT",
      "font": "OPEN_SANS",
      "fontSize": 10 ,
      "fieldPath": "overallBandScore"
    },
    {
      "name": "Listening",
      "xPos": 90.9,
      "yPos": 516.02,
      "width": 0,
      "height": 0,
      "mandatory": true,
      "type": "TEXT",
      "font": "OPEN_SANS",
      "fontSize": 10 ,
      "fieldPath": "listening"
    },
    {
      "name": "Reading",
      "xPos": 184.9,
      "yPos": 516.02,
      "width": 0,
      "height": 0,
      "mandatory": true,
      "type": "TEXT",
      "font": "OPEN_SANS",
      "fontSize": 10 ,
      "fieldPath": "reading"
    },
    {
      "name": "Writing",
      "xPos": 275.5,
      "yPos": 516.02,
      "width": 0,
      "height": 0,
      "mandatory": true,
      "type": "TEXT",
      "font": "OPEN_SANS",
      "fontSize": 10 ,
      "fieldPath": "writing"
    },
    {
      "name": "Speaking",
      "xPos": 373.1,
      "yPos": 516.02,
      "width": 0,
      "height": 0,
      "mandatory": true,
      "type": "TEXT",
      "font": "OPEN_SANS",
      "fontSize": 10 ,
      "fieldPath": "speaking"
    },
    {
      "name": "Below",
      "xPos": 535.78,
      "yPos": 510.2,
      "width": 0,
      "height": 0,
      "mandatory": false,
      "type": "TEXT",
      "font": "OPEN_SANS",
      "fontSize": 10,
      "fieldPath": "below"
    },
    {
      "name": "CEFR Level",
      "xPos": 545.4,
      "yPos": 522,
      "width": 0,
      "height": 0,
      "mandatory": true,
      "type": "TEXT",
      "font": "OPEN_SANS",
      "fontSize": 10,
      "fieldPath": "cefrLevel"
    },
    {
      "name": "Admin Comments",
      "xPos": 32.32,
      "yPos": 581.3,
      "width": 299.0,
      "height": 75,
      "mandatory": false,
      "type": "WRAPTEXT",
      "yPosIncrement": 9.8,
      "font": "OPEN_SANS",
      "fontSize": 8,
      "fieldPath": "comments"
    },
    {
      "name": "Issue Date",
      "xPos": 250.32,
      "yPos": 715.0,
      "width": 0,
      "height": 0,
      "mandatory": true,
      "type": "TEXT",
      "font": "OPEN_SANS",
      "fontSize": 10 ,
      "fieldPath": "date"
    },
    {
      "name": "TestTaker Photo",
      "xPos": 440.45,
      "yPos": 299.7,
      "width": 127,
      "height": 121.68,
      "mandatory": true,
      "type": "IMAGE",
      "fieldPath": "ttPhoto"
    },
    {
      "name": "UKVI Number",
      "xPos": 116.0,
      "yPos": 303.2,
      "width": 0,
      "height": 0,
      "mandatory": true,
      "type": "TEXT",
      "font": "OPEN_SANS",
      "fontSize": 10 ,
      "fieldPath": "ukviNumber"
    }
  ]
}
