{
  "locationUuid": "6c70732a-dcce-4bc7-be53-aa3bde7f01f2",
  "parentLocationUuid": "178df6a4-491b-4806-bb50-d78b97d68cd5",
  "partnerCode": "BC",
  "locationName": "BC IOL   09:00 – 11:59 UTC",
  "locationTypeCode": "PHYSICAL_BUILDING",
  "testCentreNumber": "201IH",
  "externalLocationUuid": "d40744cb-1b5f-4865-8b33-975d4013c7ec",
  "externalParentLocationUuid": "7bb7253d-36d3-4823-ba40-7c34b322252b",
  "locationStatus": "ACTIVE",
  "timezoneName": "UTC",
  "locationAddresses": [
    {
      "addressTypeUuid": "8b563242-dbbe-4625-b727-c3aba52a8b96",
      "addressLine1": "British Council",
      "addressLine2": "1 Redman Palace Stratford",
      "addressLine3": "London",
      "addressLine4": "E20 1JQ United Kingdom",
      "city": "London",
      "territoryUuid": "505adc90-dd59-40aa-a1fc-50aacebb7ff0",
      "postalCode": "E20 1JQ",
      "countryIso3Code": "GBR"
    }
  ],
  "approvedProducts": [
    {
      "productUuid": "6d28d524-472d-4d53-8fd9-dc7c4bb5325d",
      "effectiveFromDate": "2020-07-01",
      "effectiveToDate": "2099-12-31"
    },
    {
      "productUuid": "3e81e94b-8b6a-42b5-970c-b141f9d195a3",
      "effectiveFromDate": "2020-07-01",
      "effectiveToDate": "2099-12-31"
    },
    {
      "productUuid": "4ca26fd2-5216-4e9a-ba08-89bb94599778",
      "effectiveFromDate": "2022-09-22",
      "effectiveToDate": "2099-12-31"
    },
    {
      "productUuid": "0b0e3eb3-7929-4e38-bc63-dea6ffe6def8",
      "effectiveFromDate": "2022-09-22",
      "effectiveToDate": "2099-12-31"
    }
  ]
}