<Configuration
	packages="com.amazonaws.services.lambda.runtime.log4j2">
	<Appenders>
		<Console name="STDOUT" target="SYSTEM_OUT">
			<JsonLayout compact="true" eventEol="true"
				stacktraceAsString="true">
				<KeyValuePair key="Transaction id"
					value="${ctx:Transaction id}" />
				<KeyValuePair key="Request Id"
					value="${ctx:Request id}" />
				<KeyValuePair key="Application name"
					value="${ctx:Application name}" />
				<KeyValuePair key="Event Context"
					value="${ctx:Event Context}" />
			</JsonLayout>
		</Console>
	</Appenders>

	<Loggers>
		<Root level="INFO" additivity="false">
			<AppenderRef ref="STDOUT" />
		</Root>
	</Loggers>
</Configuration>