{
  "openapi": "3.0.0",
  "info": {
    "description": "This swagger documentation describes requests raised from ORS to CMDS. CMDS Distribution Partner API needs to implement and be fully compliant with this specification",
    "version": "1.0",
    "title": "CMDS External",
    "license": {
      "name": "Private"
    }
  },
  "tags": [
    {
      "name": "Registration",
      "description": "Adding,updating and deleting the registration details"
    },
    {
      "name": "HealthCheck",
      "description": "Checking the health of service"
    },
    {
      "name": "LPR-Location",
      "description": "adding,updating and deleting the location details",
      "externalDocs": {
        "description": "Find out more",
        "url": "http://ielts-registration.io"
      }
    }
  ],
  "paths": {
    "/booking/{bookingId}": {
      "delete": {
        "tags": [
          "Registration"
        ],
        "summary": "delete registration request",
        "description": "INT-38 Cancels the booking",
        "parameters": [
          {
            "name": "bookingId",
            "in": "path",
            "description": "ID of the booking (Master data owner-CMDS).",
            "required": true,
            "schema": {
              "type": "integer"
            }
          }
        ],
        "responses": {
          "202": {
            "description": "Accepted"
          },
          "401": {
            "description": "Unauthorized"
          },
          "403": {
            "description": "Forbidden"
          },
          "404": {
            "description": "Not Found"
          }
        },
        "operationId": ""
      },
      "parameters": [
        {
          "schema": {
            "type": "string"
          },
          "name": "bookingId",
          "in": "path",
          "required": true
        }
      ]
    },
    "/booking": {
      "post": {
        "tags": [
          "Registration"
        ],
        "summary": "New registration request",
        "description": "INT-38 Creates a new booking",
        "requestBody": {
          "content": {
            "application/json": {
              "schema": {
                "$ref": "#/components/schemas/RegistrationDetails"
              }
            }
          },
          "required": true
        },
        "responses": {
          "202": {
            "description": "Accepted",
            "content": {
              "application/json": {
                "schema": {
                  "$ref": "#/components/schemas/ResponseWithTransactionID"
                }
              }
            }
          },
          "400": {
            "description": "Invalid request",
            "content": {
              "application/json": {
                "schema": {
                  "$ref": "#/components/schemas/ErrorResponse"
                }
              }
            }
          },
          "401": {
            "description": "Unauthorized"
          },
          "403": {
            "description": "Forbidden"
          }
        }
      },
      "put": {
        "tags": [
          "Registration"
        ],
        "summary": "Update on existing registration request",
        "description": "INT-38 Entries",
        "requestBody": {
          "content": {
            "application/json": {
              "schema": {
                "$ref": "#/components/schemas/UpdateRegistrationDetails"
              }
            }
          },
          "required": true
        },
        "responses": {
          "202": {
            "description": "Accepted",
            "content": {
              "application/json": {
                "schema": {
                  "$ref": "#/components/schemas/ResponseWithTransactionID"
                }
              }
            }
          },
          "400": {
            "description": "Invalid input",
            "content": {
              "application/json": {
                "schema": {
                  "$ref": "#/components/schemas/ErrorResponse"
                }
              }
            }
          },
          "401": {
            "description": "Unauthorized"
          },
          "403": {
            "description": "Forbidden"
          },
          "404": {
            "description": "Not Found"
          }
        }
      }
    },
    "/bookingline/{bookingLineId}": {
      "put": {
        "tags": [
          "Registration"
        ],
        "summary": "Update on existing Booking Line",
        "description": "INT-38 Updates selected BookingLine",
        "requestBody": {
          "content": {
            "application/json": {
              "schema": {
                "$ref": "#/components/schemas/PutBookingLine"
              }
            }
          },
          "required": true
        },
        "responses": {
          "202": {
            "description": "Accepted",
            "content": {
              "application/json": {
                "schema": {
                  "$ref": "#/components/schemas/ResponseWithTransactionID"
                }
              }
            }
          },
          "400": {
            "description": "Invalid input",
            "content": {
              "application/json": {
                "schema": {
                  "$ref": "#/components/schemas/ErrorResponse"
                }
              }
            }
          },
          "401": {
            "description": "Unauthorized"
          },
          "403": {
            "description": "Forbidden"
          },
          "404": {
            "description": "Not Found"
          }
        }
      },
      "parameters": [
        {
          "schema": {
            "type": "number"
          },
          "name": "bookingLineId",
          "in": "path",
          "required": true
        }
      ]
    },
    "/healthcheck": {
      "get": {
        "tags": [
          "HealthCheck"
        ],
        "summary": "Runs a healthcheck to see if the service is up",
        "responses": {
          "200": {
            "description": "OK"
          },
          "401": {
            "description": "Unauthorized"
          }
        },
        "description": "It is used to determine if API is live and if the authentication works fine"
      }
    },
    "/lpr/location": {
      "post": {
        "tags": [
          "LPR-Location"
        ],
        "summary": "Creates and Requests approval for location hierarchy",
        "description": "INT-58 - Creates a request for approval of the whole location hierarchy. Requesting partner system may create in this request any level of the location hierarchy starting from Test Centre and going down. (i.e. it is possible to send this request to create just a room within an existing building)",
        "requestBody": {
          "content": {
            "application/json": {
              "schema": {
                "type": "object",
                "properties": {
                  "locationNodes": {
                    "type": "array",
                    "items": {
                      "$ref": "#/components/schemas/LocationNode"
                    }
                  }
                }
              }
            }
          },
          "required": true
        },
        "responses": {
          "202": {
            "description": "Accepted",
            "content": {
              "application/json": {
                "schema": {
                  "$ref": "#/components/schemas/ResponseWithTransactionID"
                }
              }
            }
          },
          "400": {
            "description": "Invalid input",
            "content": {
              "application/json": {
                "schema": {
                  "$ref": "#/components/schemas/ErrorResponse"
                }
              }
            }
          },
          "401": {
            "description": "Unauthorized"
          },
          "403": {
            "description": "Forbidden"
          }
        }
      }
    },
    "/eor/{bookingId}": {
      "post": {
        "summary": "Send EOR request",
        "operationId": "",
        "description": "INT-82 - Create a new EOR request",
        "responses": {
          "202": {
            "description": "Accepted",
            "content": {
              "application/json": {
                "schema": {
                  "$ref": "#/components/schemas/ResponseWithTransactionID"
                }
              }
            }
          },
          "400": {
            "description": "Bad Request",
            "content": {
              "application/json": {
                "schema": {
                  "$ref": "#/components/schemas/ErrorResponse"
                }
              }
            }
          },
          "401": {
            "description": "Unauthorized"
          },
          "403": {
            "description": "Forbidden"
          }
        },
        "requestBody": {
          "content": {
            "application/json": {
              "schema": {
                "type": "object",
                "properties": {
                  "externalEorId": {
                    "type": "number",
                    "description": "Identifier assigned by ORS system",
                    "example": 123
                  },
                  "bookingLines": {
                    "type": "array",
                    "description": "List of bookingLineIds affected by the EOR",
                    "example": [
                      123,
                      4567
                    ],
                    "items": {
                      "type": "number"
                    }
                  },
                  "requestDateTime": {
                    "type": "string",
                    "description": "DateTime (in UTC) of the request",
                    "format": "date-time",
                    "example": "2020-01-01T00:00:00Z"
                  }
                },
                "required": [
                  "externalEorId",
                  "requestDateTime"
                ]
              }
            }
          }
        },
        "tags": [
          "EOR"
        ]
      },
      "parameters": [
        {
          "schema": {
            "type": "number"
          },
          "name": "bookingId",
          "in": "path",
          "required": true
        }
      ]
    },
    "/booking/{bookingId}/ros": {
      "parameters": [
        {
          "schema": {
            "type": "string"
          },
          "name": "bookingId",
          "in": "path",
          "required": true
        }
      ],
      "put": {
        "summary": "Send RO Selections for the Booking",
        "description": "INT-71 Updates list of RO selections for the particular bookingId. It will always replace all existing elements with the new values.",
        "operationId": "",
        "responses": {
          "202": {
            "description": "Accepted",
            "content": {
              "application/json": {
                "schema": {
                  "$ref": "#/components/schemas/ResponseWithTransactionID"
                }
              }
            }
          },
          "400": {
            "description": "Bad Request",
            "content": {
              "application/json": {
                "schema": {
                  "$ref": "#/components/schemas/ErrorResponse"
                }
              }
            }
          },
          "401": {
            "description": "Unauthorized"
          },
          "403": {
            "description": "Forbidden"
          },
          "404": {
            "description": "Not Found"
          }
        },
        "requestBody": {
          "content": {
            "application/json": {
              "schema": {
                "type": "object",
                "properties": {
                  "roSelections": {
                    "type": "array",
                    "items": {
                      "$ref": "#/components/schemas/RoSelection"
                    }
                  }
                }
              }
            }
          }
        },
        "tags": [
          "Registration"
        ]
      }
    },
    "/ro": {
      "post": {
        "summary": "Creates a new unverified RO",
        "operationId": "",
        "responses": {
          "202": {
            "description": "Accepted",
            "content": {
              "application/json": {
                "schema": {
                  "$ref": "#/components/schemas/ResponseWithTransactionID"
                }
              }
            }
          },
          "400": {
            "description": "Bad Request",
            "content": {
              "application/json": {
                "schema": {
                  "$ref": "#/components/schemas/ErrorResponse"
                }
              }
            }
          },
          "401": {
            "description": "Unauthorized"
          },
          "403": {
            "description": "Forbidden"
          }
        },
        "description": "INT-73- Create new unverified Receiving Organization. It is used for the Test Takers (or TCA), when they cannot find the RO in the predefined list and they want to send their TRF to the new place",
        "requestBody": {
          "content": {
            "application/json": {
              "schema": {
                "$ref": "#/components/schemas/NewRoRequest"
              }
            }
          }
        },
        "tags": [
          "ROs"
        ]
      }
    }
  },
  "servers": [
    {
      "url": "https://CMDS-HOST"
    }
  ],
  "components": {
    "schemas": {
      "UpdateRegistrationDetails": {
        "type": "object",
        "required": [
          "productId",
          "locationId",
          "testDate",
          "bookingId",
          "externalBookingId"
        ],
        "properties": {
          "productId": {
            "type": "integer",
            "description": "Id of the product"
          },
          "bookingId": {
            "type": "integer",
            "description": "ID of the booking(Master data owner-CMDS)"
          },
          "locationId": {
            "type": "integer",
            "description": "ID of the location.(Master data owner-CMDS)"
          },
          "testDate": {
            "type": "string",
            "description": "Date of the Test (YYYYMMDD)",
            "format": "date",
            "example": "2020-01-01"
          },
          "externalBookingId": {
            "type": "string",
            "description": "ID of the booking of the Partner system.(Master data owner-ORS)"
          },
          "bookingDetailStatus": {
            "type": "string",
            "enum": [
              "INCOMPLETE",
              "COMPLETE"
            ]
          },
          "marketingInfo": {
            "$ref": "#/components/schemas/MarketingInfo"
          },
          "testTaker": {
            "$ref": "#/components/schemas/PUT-TestTakerDetails"
          },
          "bookingLines": {
            "type": "array",
            "items": {
              "$ref": "#/components/schemas/PutBookingLine"
            }
          },
          "agentName": {
            "type": "string"
          },
          "orsConsentGiven": {
            "type": "boolean"
          }
        }
      },
      "RegistrationDetails": {
        "type": "object",
        "description": "",
        "properties": {
          "productId": {
            "type": "integer",
            "description": "Id of the product"
          },
          "locationId": {
            "type": "integer",
            "description": "ID of the location.(Master data owner-CMDS)"
          },
          "testDate": {
            "type": "string",
            "description": "Date of the Test (YYYY-MM-DD)",
            "format": "date",
            "example": "2020-01-01"
          },
          "externalBookingId": {
            "type": "string",
            "description": "ID of the booking of the Partner system.(Master data owner-ORS)"
          },
          "bookingDetailStatus": {
            "type": "string",
            "enum": [
              "INCOMPLETE",
              "COMPLETE"
            ]
          },
          "agentName": {
            "type": "string",
            "example": "The Agency Inc."
          },
          "orsConsentGiven": {
            "type": "boolean",
            "example": true
          },
          "marketingInfo": {
            "$ref": "#/components/schemas/MarketingInfo"
          },
          "testTaker": {
            "$ref": "#/components/schemas/TestTakerDetails"
          },
          "bookingLines": {
            "type": "array",
            "items": {
              "$ref": "#/components/schemas/BookingLine"
            }
          }
        },
        "required": [
          "productId",
          "locationId",
          "testDate",
          "externalBookingId"
        ]
      },
      "TestTakerDetails": {
        "type": "object",
        "description": "",
        "properties": {
          "externalTestTakerId": {
            "type": "string",
            "description": "Id of the test taker in the partner system (Master data owner - ORS)",
            "example": "1234"
          },
          "identityNumber": {
            "type": "string",
            "description": "Number in the test takers identification document ( passport number, driving license number )",
            "example": "AB12314"
          },
          "identityType": {
            "description": "Id matching the CMDS unique id for the identity type",
            "enum": [
              "Passport",
              "IdentityCard"
            ],
            "type": "string"
          },
          "identityVerificationStatus": {
            "type": "string",
            "default": "INCOMPLETE",
            "description": "Status of the verification of the TT identity documents. Master of this data is the ORS",
            "enum": [
              "INCOMPLETE",
              "UNVERIFIED",
              "VERIFIED"
            ],
            "example": "INCOMPLETE"
          },
          "identityIssuingAuthority": {
            "type": "string",
            "description": "Organisation or Institution which issues the Identity document"
          },
          "identityExpiryDate": {
            "type": "string",
            "description": "Date at which identity document gets expired",
            "format": "date",
            "example": "2020-01-01"
          },
          "firstName": {
            "type": "string",
            "description": "first name of the Test taker",
            "example": "Alan"
          },
          "lastName": {
            "type": "string",
            "description": "last name of the Test taker",
            "example": "Davies"
          },
          "dob": {
            "type": "string",
            "description": "Date of Birth of the Test taker as per identification Document",
            "format": "date",
            "example": "1900-01-01"
          },
          "sex": {
            "type": "string",
            "description": "Gender of the Test taker",
            "example": "M"
          },
          "email": {
            "type": "string",
            "description": "email id of the Test taker",
            "example": "alan@gmail.com"
          },
          "title": {
            "type": "string",
            "description": "Mr., Mrs., Miss., Dr.,",
            "example": "Mr."
          },
          "telephone": {
            "type": "string",
            "description": "Telephone number of the Test taker",
            "example": "+1 234566778"
          },
          "mobile": {
            "type": "string",
            "description": "Mobile number of the Test taker",
            "example": "1234567890"
          },
          "languageId": {
            "type": "string",
            "description": "Id of the language",
            "example": "4"
          },
          "nationalityId": {
            "type": "string",
            "description": "Id of the Nationality",
            "example": "8"
          },
          "notes": {
            "type": "string",
            "description": "Extra notes"
          },
          "address": {
            "$ref": "#/components/schemas/TestTakerDetails_address"
          }
        },
        "required": [
          "externalTestTakerId",
          "identityVerificationStatus"
        ]
      },
      "PUT-TestTakerDetails": {
        "type": "object",
        "properties": {
          "testTakerId": {
            "type": "string",
            "description": "Id of the test taker in CMDS ( Master data owner - CMDS )",
            "example": "1231"
          },
          "externalTestTakerId": {
            "type": "string",
            "description": "Id of the test taker in the partner system (Master data owner - ORS)",
            "example": "1234"
          },
          "shortCandidateNumber": {
            "type": "string",
            "description": "6 digit test taker number",
            "example": "123456"
          },
          "compositeCandidateNumber": {
            "type": "string",
            "description": "TestCentreId|UK Financial Year YY Format|shortCandidateNumber",
            "example": "AU24020123456"
          },
          "ukviEReferenceId": {
            "type": "string",
            "example": "0987654",
            "description": "Id of the Test taker as per the UKVI (This field should only be present in PUT request)"
          },
          "identityNumber": {
            "type": "string",
            "description": "Number in the test takers identification document ( passport number, driving license number )",
            "example": "AB12314"
          },
          "identityType": {
            "type": "integer",
            "example": 2,
            "description": "Id matching the CMDS unique id for the identity type"
          },
          "identityVerificationStatus": {
            "type": "string",
            "enum": [
              "INCOMPLETE",
              "UNVERIFIED",
              "VERIFIED"
            ],
            "example": "VERIFIED"
          },
          "identityIssuingAuthority": {
            "type": "string",
            "description": "Organisation or Institution which issues the Identity document",
            "example": "UIDAI"
          },
          "identityExpiryDate": {
            "type": "string",
            "format": "date",
            "description": "Date at which identity document gets expired"
          },
          "firstName": {
            "type": "string",
            "description": "first name of the Test taker",
            "example": "Alan"
          },
          "lastName": {
            "type": "string",
            "description": "last name of the Test taker",
            "example": "Davies"
          },
          "dob": {
            "type": "string",
            "format": "date",
            "description": "Date of Birth of the Test taker as per identification Document"
          },
          "sex": {
            "type": "string",
            "description": "Gender of the Test taker",
            "example": "M"
          },
          "email": {
            "type": "string",
            "description": "email id of the Test taker",
            "example": "alan@gmail.com"
          },
          "title": {
            "type": "string",
            "description": "Mr., Mrs., Miss., Dr.,",
            "example": "Mr."
          },
          "telephone": {
            "type": "string",
            "description": "Telephone number of the Test taker",
            "example": "+1 2345 66778"
          },
          "mobile": {
            "type": "string",
            "description": "Mobile number of the Test taker",
            "example": "+44 734 123 9876"
          },
          "languageId": {
            "type": "string",
            "description": "Id of the language",
            "example": "4"
          },
          "nationalityId": {
            "type": "string",
            "description": "Id of the Nationality",
            "example": "8"
          },
          "notes": {
            "type": "string",
            "description": "Extra notes"
          },
          "address": {
            "$ref": "#/components/schemas/TestTakerDetails_address"
          }
        },
        "required": [
          "externalTestTakerId",
          "identityVerificationStatus"
        ]
      },
      "MarketingInfo": {
        "type": "object",
        "required": [
          "educationLevel",
          "yearsOfStudy",
          "occupationSector",
          "occupationLevel",
          "reasonForTest",
          "applyingToCountry3code",
          "currentEnglishStudyPlace",
          "occupationSectorOther",
          "occupationLevelOther",
          "reasonForTestOther",
          "countryApplyingToOther"
        ],
        "properties": {
          "educationLevel": {
            "type": "string",
            "description": "Education level of the Test Taker",
            "example": "Bachelors Degree"
          },
          "yearsOfStudy": {
            "type": "integer",
            "description": "No of years of study of Test taker",
            "example": 4
          },
          "occupationSector": {
            "type": "string",
            "description": "Occupation sector of the Test taker"
          },
          "occupationLevel": {
            "type": "string",
            "description": "Occupation level of the Test taker"
          },
          "reasonForTest": {
            "type": "string",
            "description": "Reasons for Test by test taker",
            "example": "Applying for Masters"
          },
          "applyingToCountry3code": {
            "type": "string",
            "description": "Three letter code of country to which the test taker is applying",
            "example": "AUS"
          },
          "currentEnglishStudyPlace": {
            "type": "string",
            "example": "DJ Uni.",
            "description": "Test taker's place of studying English"
          },
          "occupationSectorOther": {
            "type": "string",
            "description": "Other occupation sectors of the Test taker (This field needs confirmation)"
          },
          "occupationLevelOther": {
            "type": "string",
            "description": "Other Occupation levels of Test taker (This field needs confirmation)"
          },
          "reasonForTestOther": {
            "type": "string",
            "description": "Other reasons for Test by test taker (This field needs confirmation)"
          },
          "countryApplyingToOther": {
            "type": "string",
            "description": "Other Countries to which the test taker is applying for (This field needs confirmation)",
            "example": "GBR"
          }
        }
      },
      "TestTakerDetails_address": {
        "type": "object",
        "properties": {
          "streetAddress1": {
            "type": "string",
            "description": "First line of address of Test Taker",
            "example": "15"
          },
          "streetAddress2": {
            "type": "string",
            "description": "Second line of address of Test Taker",
            "example": "King Street"
          },
          "streetAddress3": {
            "type": "string",
            "description": "Third line of address of Test Taker",
            "example": ""
          },
          "streetAddress4": {
            "type": "string",
            "description": "Forth line of address of Test Taker",
            "example": ""
          },
          "state": {
            "type": "string",
            "description": "State to which the Test taker address belongs",
            "example": "VIC"
          },
          "postalCode": {
            "type": "string",
            "description": "Postcode or Zipcode of the address",
            "example": "1234"
          },
          "city": {
            "type": "string",
            "description": "City specified in the address",
            "example": "Melbourne"
          },
          "countryId": {
            "type": "string",
            "description": "ISO3Code of the country as per the Reference Data",
            "example": "AUS"
          }
        },
        "required": [
          "streetAddress1",
          "countryId"
        ]
      },
      "BookingLine": {
        "type": "object",
        "description": "",
        "properties": {
          "externalBookingLineId": {
            "type": "string",
            "example": "1233",
            "description": "BookingLineId assigned by ORS"
          },
          "startTimeUTC": {
            "type": "string",
            "format": "date-time",
            "description": "starting time of the specific child component of the test for the candidate in UTC"
          },
          "startTimeLocal": {
            "type": "string",
            "format": "date-time",
            "description": "starting time of the specific child component of the test for the candidate in Local time zone"
          },
          "endTimeUTC": {
            "type": "string",
            "format": "date-time",
            "description": "End time of the specific child component of the test for the candidate in UTC"
          },
          "endTimeLocal": {
            "type": "string",
            "format": "date-time",
            "description": "End time of the specific child component of the test for the candidate in Local time zone"
          },
          "extraTimeMinutes": {
            "type": "integer",
            "description": "Extra time in minutes required by the test taker",
            "example": 15
          },
          "productId": {
            "description": "Id of the product (Master data - CMDS)",
            "example": "CD-IELTS-GT-R",
            "type": "string"
          },
          "locationId": {
            "type": "number",
            "description": "Id of the location (Master data - CMDS)",
            "example": 1234
          },
          "status": {
            "type": "string",
            "enum": [
              "EXEMPT",
              "ACTIVE"
            ],
            "description": "if test taker is exempted from the booking line of the Product Id",
            "example": "ACTIVE"
          }
        },
        "required": [
          "externalBookingLineId",
          "startTimeUTC",
          "startTimeLocal",
          "endTimeUTC",
          "endTimeLocal",
          "productId",
          "locationId"
        ]
      },
      "PutBookingLine": {
        "type": "object",
        "properties": {
          "bookingLineId": {
            "type": "string",
            "description": "Unique identifier assigned by CMDS (Master data - CMDS)",
            "example": "12345"
          },
          "externalBookingLineId": {
            "type": "string",
            "example": "1233",
            "description": "external BookingLine id (Master data - ORS)"
          },
          "startTimeUTC": {
            "type": "string",
            "format": "date-time",
            "description": "starting time of the specific child component of the test for the candidate in UTC"
          },
          "startTimeLocal": {
            "type": "string",
            "format": "date-time",
            "description": "starting time of the specific child component of the test for the candidate in Local time zone"
          },
          "endTimeUTC": {
            "type": "string",
            "format": "date-time",
            "description": "End time of the specific child component of the test for the candidate in UTC"
          },
          "endTimeLocal": {
            "type": "string",
            "format": "date-time",
            "description": "End time of the specific child component of the test for the candidate in Local time zone"
          },
          "extraTimeMinutes": {
            "type": "integer",
            "description": "Extra time in minutes required by the test taker",
            "example": 15
          },
          "productId": {
            "type": "string",
            "description": "Id of the product (Master data - CMDS)",
            "example": "CD-IELTS-GT-R"
          },
          "locationId": {
            "type": "number",
            "description": "Id of the location (Master data - CMDS)",
            "example": 12345
          },
          "status": {
            "type": "string",
            "enum": [
              "EXEMPT",
              "ACTIVE"
            ],
            "description": "if test taker is exempted from the booking line of the Product Id",
            "example": "ACTIVE"
          }
        },
        "required": [
          "externalBookingLineId",
          "startTimeUTC",
          "startTimeLocal",
          "endTimeUTC",
          "endTimeLocal",
          "productId",
          "locationId",
          "bookingLineId"
        ]
      },
      "TestTakerResponse": {
        "type": "object",
        "properties": {
          "bookingId": {
            "type": "string"
          },
          "externalBookingId": {
            "type": "string"
          },
          "testTaker": {
            "type": "object",
            "properties": {
              "externalTestTakerId": {
                "type": "string",
                "description": "id of the Test taker (Master data owner - ORS)",
                "example": "1231"
              },
              "testTakerId": {
                "type": "string",
                "description": "id of the Test taker (Master data owner - CMDS)",
                "example": "12312"
              },
              "shortCandidateNumber": {
                "type": "string",
                "description": "6 digit test taker number",
                "example": "123456"
              },
              "compositeCandidateNumber": {
                "type": "string",
                "description": "<<TestCentreId>><<UK FINANCIAL YEAR YY FORMAT>><<shortCandidateNumber>>",
                "example": "AU24020123456"
              },
              "testTakerRegistrationId": {
                "type": "string"
              },
              "uniqueTestTakerId": {
                "type": "string"
              },
              "candidateId": {
                "type": "string"
              },
              "isBanned": {
                "type": "boolean",
                "example": false
              },
              "ukviEReferenceId": {
                "type": "string",
                "example": "0987654"
              }
            }
          },
          "bookingLines": {
            "type": "array",
            "items": {
              "$ref": "#/components/schemas/BookingLine"
            }
          },
          "verificationStatus": {
            "type": "string",
            "enum": [
              "DetailsIncomplete",
              "complete",
              "verified"
            ]
          }
        }
      },
      "ResponseWithTransactionID": {
        "type": "object",
        "properties": {
          "transactionId": {
            "type": "string",
            "description": "Unique identifier for the transaction."
          }
        }
      },
      "LocationHierarchyAddress": {
        "type": "object",
        "required": [
          "addressType",
          "address1Line",
          "address2Line",
          "zipPostcode",
          "action"
        ],
        "properties": {
          "addressType": {
            "type": "string",
            "enum": [
              "Postal",
              "Street"
            ],
            "description": "Category of the address",
            "example": "Postal"
          },
          "address1Line": {
            "type": "string",
            "description": "First line of the address",
            "example": "GPO BOX 1515"
          },
          "address2Line": {
            "type": "string",
            "description": "Second line of the address"
          },
          "address3Line": {
            "type": "string",
            "description": "Third line of the address"
          },
          "address4Line": {
            "type": "string",
            "description": "Forth line of the address"
          },
          "city": {
            "type": "string",
            "description": "Name of the City",
            "example": "Melbourne"
          },
          "stateProvince": {
            "type": "string",
            "description": "Name of the City or Province",
            "example": "VIC"
          },
          "zipPostcode": {
            "type": "string",
            "description": "postcode or zipcode of the address",
            "example": "3000"
          },
          "country3Code": {
            "type": "string",
            "description": "Three letter code of the country",
            "example": "AUS"
          },
          "action": {
            "type": "string",
            "enum": [
              "CHG",
              "ADD",
              "DLT",
              null
            ],
            "description": "Actions on the hierarchy",
            "example": "CHG"
          }
        }
      },
      "LocationHierarchyContacts": {
        "type": "object",
        "required": [
          "contactType",
          "firstName",
          "email",
          "action"
        ],
        "properties": {
          "contactType": {
            "type": "string",
            "enum": [
              "Test Centre Administrator",
              "Test Centre IT Support"
            ],
            "example": "Test Centre Administrator"
          },
          "firstName": {
            "type": "string",
            "description": "first name of the contact person",
            "example": "Alan"
          },
          "lastName": {
            "type": "string",
            "description": "last name of the contact person",
            "example": "Davies"
          },
          "telephone": {
            "type": "string",
            "description": "telephone number of the contact person",
            "example": "6128288282"
          },
          "email": {
            "type": "string",
            "description": "email Id of the contact person",
            "example": "SupportAu241@idp.com"
          },
          "action": {
            "type": "string",
            "description": "Actions on the contact",
            "enum": [
              "CHG",
              "ADD",
              "DLT",
              null
            ],
            "example": "CHG"
          }
        }
      },
      "LocationHierarchyApprovedProduct": {
        "type": "object",
        "properties": {
          "productId": {
            "type": "string",
            "description": "",
            "example": "1234567"
          },
          "authorisedStartDate": {
            "type": "string",
            "format": "dateTime",
            "description": "Start Date from which the product is authorised (YYYY-MM-DD)",
            "example": "2020-06-01T00:00:00.000Z"
          },
          "suspendedDate": {
            "type": "string",
            "format": "dateTime",
            "description": "Date from which the product is suspended",
            "example": "2020-09-02T00:00:00.000Z"
          },
          "authorisedBy": {
            "type": "string",
            "description": "Id of the staff who has the authorised the product",
            "example": "pmitchel@ielts.com"
          },
          "action": {
            "type": "string",
            "enum": [
              "CHG",
              "ADD",
              "DLT",
              null
            ],
            "description": "Actions that are made on the Hierarchy",
            "example": "CHG"
          }
        },
        "required": [
          "productId"
        ]
      },
      "LocationNode": {
        "type": "object",
        "properties": {
          "locationId": {
            "description": "Id of the Location",
            "example": 79817239,
            "type": "number"
          },
          "testCentreId": {
            "type": "string",
            "description": "Id of the Test Centre. It should be filled onl when locationType == TC",
            "example": "AU241"
          },
          "locationType": {
            "type": "string",
            "description": "Specifies the type of Location",
            "example": "Test Centre",
            "enum": [
              "Test Centre",
              "Virtual Building",
              "Building",
              "Room"
            ]
          },
          "locationName": {
            "type": "string",
            "description": "Name of the Location",
            "example": "IDP Melbourne"
          },
          "externalLocationId": {
            "type": "string",
            "description": "External Reference Id of the Location in the ORS system",
            "example": "2321312"
          },
          "parentExternalLocationId": {
            "type": "string",
            "description": "External Reference Id of the Parent Location"
          },
          "parentLocationId": {
            "type": "string",
            "description": " For locations of type ‘Test Centre’, the locationId of the parent country;  For buildings, the locationId of the parent centre; For rooms, the locationId of the parent building. For new locations of type ‘Test Centre’ this field is mandatory"
          },
          "action": {
            "type": "string",
            "description": "Action to be performed on the Location node",
            "enum": [
              "CHG",
              "ADD",
              "DLT"
            ]
          },
          "requestNotes": {
            "type": "string",
            "description": "Additional notes entered by the Requestor"
          },
          "addresses": {
            "type": "array",
            "description": "List of various addresses of Location",
            "items": {
              "$ref": "#/components/schemas/LocationHierarchyAddress"
            }
          },
          "contacts": {
            "type": "array",
            "description": "List of people who can be contacted by the IELTS operation for location communication",
            "items": {
              "$ref": "#/components/schemas/LocationHierarchyContacts"
            }
          },
          "approvedProducts": {
            "type": "array",
            "description": "List of products for which the location is eligible to conduct tests",
            "items": {
              "$ref": "#/components/schemas/LocationHierarchyApprovedProduct"
            }
          }
        },
        "required": [
          "locationType",
          "locationName",
          "externalLocationId",
          "parentExternalLocationId",
          "action"
        ]
      },
      "ErrorResponse": {
        "title": "ErrorResponse",
        "type": "object",
        "x-examples": {
          "Error Response": {
            "errorList": [
              {
                "interface": "CreateBooking",
                "type": "validation",
                "code": "1234",
                "ticketId": "5c22b7c2091955c7926172f00a480b81",
                "source": {
                  "pointer": "productId",
                  "model": "RegistrationDetails"
                },
                "detail": "A required field was provided without any value",
                "title": "Mandatory field missing data"
              }
            ]
          }
        },
        "description": "Data model of the ErrorResponse. It can be both sync and async",
        "properties": {
          "errorList": {
            "type": "array",
            "items": {
              "type": "object",
              "properties": {
                "interface": {
                  "type": "string",
                  "description": "Name of the interface that raised the Error. It's mostly name of the Service"
                },
                "type": {
                  "type": "string",
                  "description": "Type of the error. Possible values: validation, processing, system, other..."
                },
                "code": {
                  "type": "string",
                  "description": "The code identifying the error. Need to have an agreed list of error codes. Optional."
                },
                "ticketId": {
                  "type": "string",
                  "description": "TicketId assigned by some ticketing system. It may be empty when it's a sync validation response."
                },
                "source": {
                  "type": "object",
                  "description": "Dynamic data object that can point out where was the problem in the request. If there is more fields that can be used to identify issue, then they can be added here freely",
                  "properties": {
                    "pointer": {
                      "type": "string",
                      "description": "Name of the problematic field. It should also point field even inside bigger structures (i.e. objA.fields[0].field)"
                    },
                    "model": {
                      "type": "string",
                      "description": "Explains which Data Model was used to validate particular data request"
                    }
                  }
                },
                "details": {
                  "type": "string",
                  "description": ""
                },
                "title": {
                  "type": "string"
                }
              },
              "required": [
                "interface",
                "type",
                "details",
                "title"
              ]
            }
          }
        }
      },
      "RoSelection": {
        "title": "RoSelection",
        "type": "object",
        "properties": {
          "roSelectionId": {
            "type": "number",
            "description": "Ro Selection Id assigned by the CMDS. If empty, we assume this is a new RO Selection"
          },
          "externalRoSelectionId": {
            "type": "string",
            "description": "Ro Selection Id assigned by the ORS system"
          },
          "roId": {
            "type": "number"
          },
          "confirmationStatus": {
            "type": "string",
            "enum": [
              "Confirmed",
              "Unconfirmed",
              "Conditional",
              "Withdrawn"
            ]
          },
          "statusChangeDate": {
            "type": "string",
            "description": "DateTime (in UTC) when user changed confirmationStatus of this selection",
            "format": "date-time",
            "example": "2020-01-01T00:00:00Z"
          },
          "selectionDateTime": {
            "type": "string",
            "description": "DateTime (in UTC) when user initially selected this RO",
            "format": "date-time",
            "example": "2020-01-01T00:00:00Z"
          },
          "contactName": {
            "type": "string",
            "example": "Dr Who"
          },
          "fileNumber": {
            "type": "string",
            "example": "00231"
          }
        },
        "required": [
          "externalRoSelectionId",
          "roId",
          "confirmationStatus",
          "selectionDateTime",
          "contactName"
        ]
      },
      "NewRoRequest": {
        "title": "NewRoRequest",
        "type": "object",
        "x-examples": {},
        "description": "",
        "properties": {
          "name": {
            "type": "string",
            "description": "Name of the organization"
          },
          "countryISO3code": {
            "description": "ISO3Code of the country where the organization is located",
            "type": "string"
          },
          "externalRoId": {
            "type": "string",
            "description": "Id of the RO in the ORS system"
          },
          "addressLine1": {
            "type": "string"
          },
          "addressLine2": {
            "type": "string"
          },
          "addressLine3": {
            "type": "string"
          },
          "addressLine4": {
            "type": "string"
          },
          "town": {
            "type": "string"
          },
          "state": {
            "type": "string"
          },
          "postalCode": {
            "type": "string",
            "description": "Postal code of the RO"
          },
          "localLanguageId": {
            "type": "string",
            "description": "ISO3Code of the Language"
          },
          "organizationCode": {
            "type": "string",
            "description": "Code that can be used to identify the organization"
          },
          "contactEmail": {
            "type": "string"
          },
          "phoneNumber": {
            "type": "string"
          },
          "websiteUrl": {
            "type": "string"
          },
          "recipient": {
            "type": "object",
            "description": "Details of the actual recipient that will receive TRF. Only name is meaningful. All fields are optional as well the recipient field itself",
            "properties": {
              "name": {
                "type": "string",
                "description": "Person's or Department's name"
              },
              "title": {
                "type": "string",
                "description": "title of the recipient"
              },
              "givenName": {
                "type": "string",
                "description": "Given name of the recipient"
              },
              "lastName": {
                "type": "string",
                "description": "Last name of the recipient"
              },
              "jobTitle": {
                "type": "string",
                "description": "Job title of the recipient"
              },
              "department": {
                "type": "string",
                "description": "Department of the recipient user"
              },
              "subDepartment": {
                "type": "string",
                "description": "Sub-Department of the recipient user"
              },
              "additionalInformation": {
                "type": "string",
                "description": "Additional information about recipient user"
              },
              "contactAddress": {
                "type": "string",
                "description": "Contact address of the recipient user"
              },
              "countryId": {
                "type": "string",
                "description": "ISO3Code of the country"
              },
              "addressLine1": {
                "type": "string",
                "example": "1,Kings Street"
              },
              "addressLine2": {
                "type": "string"
              },
              "addressLine3": {
                "type": "string"
              },
              "addressLine4": {
                "type": "string"
              },
              "addressLine5": {
                "type": "string"
              },
              "addressLine6": {
                "type": "string"
              },
              "town": {
                "type": "string"
              },
              "state": {
                "type": "string"
              },
              "postalCode": {
                "type": "string",
                "example": "AB1 XY2"
              },
              "email": {
                "type": "string",
                "example": "+1 234 234 3456"
              },
              "phoneNumber": {
                "type": "string",
                "example": "alan@gmail.com"
              },
              "specialInstructions": {
                "type": "string"
              }
            }
          }
        },
        "required": [
          "name",
          "countryISO3code",
          "externalRoId",
          "addressLine1"
        ]
      }
    },
    "securitySchemes": {
      "Some_Random_Api_Key": {
        "type": "openIdConnect",
        "openIdConnectUrl": "https://CMDS-HOST/auth/connect",
        "description": ""
      }
    }
  }
}
