{
  "openapi": "3.0.1",
  "info": {
    "title": "CMDS CA",
    "version": "1.0",
    "description": "This swagger documentation describes API requests raised from CA Integration Layer to CMDS. CMDS Distribution Partner API needs to implement and be fully compliant with this specification.",
    "license": {
      "name": "Private"
    }
  },
  "paths": {
    "/v1/cdmarksavailable": {
      "post": {
        "tags": ["CMDS API Endpoints"],
        "parameters": [
          {
            "$ref": "#/components/parameters/correlationId"
          },
          {
            "$ref": "#/components/parameters/eventDateTime"
          },
          {
            "$ref": "#/components/parameters/XAccessToken"
          }
        ],
        "requestBody": {
          "content": {
            "application/json": {
              "schema": {
                "$ref": "#/components/schemas/CARequestNodeV1"
              }
            }
          },
          "required": true
        },
        "responses": {
          "200": {
            "description": "200 response",
            "content": {}
          },
          "400": {
            "description": "400 response",
            "content": {}
          }
        }
      }
    }
  },
  "components": {
    "parameters": {
      "correlationId": {
        "schema": {
          "type": "string",
          "format": "UUID"
        },
        "name": "correlationId",
        "in": "header",
        "required": true
      },
      "eventDateTime": {
        "schema": {
          "type": "string",
          "format": "date-time"
        },
        "name": "eventDateTime",
        "in": "header",
        "required": true
      },
      "XAccessToken": {
        "schema": {
          "type": "string"
        },
        "name": "x-access-token",
        "in": "header",
        "required": true
      }
    },
    "schemas": {
      "CARequestNodeV1": {
        "required": ["presignedUrl", "fileName"],
        "additionalProperties": false,
        "type": "object",
        "properties": {
          "presignedUrl": {
            "type": "string",
            "description": "HTTP URL giving the absolute location of the marks file being notified about"
          },
          "fileName": {
            "type": "string",
            "description": "Name of the file (with extension) being notified about. Should be same as the message_id in the header of the json file"
          }
        }
      }
    },
    "securitySchemes": {
      "Some_Random_Api_Key": {
        "type": "openIdConnect",
        "openIdConnectUrl": "https://CMDS-HOST/auth/connect",
        "description": ""
      }
    }
  }
}
