{
  "openapi": "3.0.0",
  "info": {
    "title": "CMDS Internal",
    "version": "1.0",
    "description": "Swagger definitions for internal requests (between microservices within CMDS) and its data contracts.\nPartner systems shouldn't see these.",
    "license": {
      "name": "Private"
    }
  },
  "servers": [
    {
      "url": "https://CMDS-INTERNAL"
    }
  ],
  "paths": {
    "/result/location": {
      "post": {
        "tags": [
          "LPR-Location-Hierarchy"
        ],
        "summary": "Request body of Location Hierarchy within CMDS System",
        "description": "INT-68 Location hierarchy",
        "requestBody": {
          "content": {
            "application/json": {
              "schema": {
                "type": "array",
                "items": {
                  "$ref": "#/components/schemas/LPRLocationHierarchy"
                }
              }
            }
          },
          "description": "Locations Request from LPR",
          "required": true
        },
        "responses": {
          "202": {
            "description": "Accepted"
          },
          "400": {
            "description": "Invalid input"
          },
          "401": {
            "description": "Unauthorized"
          },
          "403": {
            "description": "Forbidden"
          }
        }
      }
    },
    "/lpr/reference": {
      "post": {
        "tags": [
          "LPR-reference"
        ],
        "summary": "Updates reference data within other systems (Partner ORS or other CMDS systems)",
        "description": "INT-92 Reference data",
        "requestBody": {
          "content": {
            "application/json": {
              "schema": {
                "type": "array",
                "items": {
                  "$ref": "#/components/schemas/ReferenceNode"
                }
              }
            }
          }
        },
        "responses": {
          "202": {
            "description": "Accepted"
          },
          "400": {
            "description": "Bad Request"
          },
          "401": {
            "description": "Unauthorized"
          },
          "403": {
            "description": "Forbidden"
          }
        }
      }
    },
    "/lpr/product": {
      "post": {
        "tags": [
          "LPR-Product"
        ],
        "summary": "Updates Product Hierarchy within other systems (Partner ORS or other CMDS systems)",
        "description": "int60,int56,int105,int106",
        "requestBody": {
          "content": {
            "application/json": {
              "schema": {
                "type": "array",
                "items": {
                  "$ref": "#/components/schemas/ProductNode"
                }
              }
            }
          }
        },
        "responses": {
          "202": {
            "description": "Accepted"
          },
          "400": {
            "description": "Bad Request"
          },
          "401": {
            "description": "Unauthorized"
          },
          "403": {
            "description": "Forbidden"
          }
        }
      }
    },
    "/assignrole": {
      "post": {
        "tags": [
          "Roles"
        ],
        "summary": "Assigning roles to the user",
        "description": "INT-67 UserRoles",
        "requestBody": {
          "content": {
            "application/json": {
              "schema": {
                "type": "object",
                "properties": {
                  "roleDetails": {
                    "$ref": "#/components/schemas/RoleAssignmentDetails"
                  }
                }
              }
            }
          },
          "required": true
        },
        "responses": {
          "200": {
            "description": "Accepted"
          },
          "405": {
            "description": "Invalid input"
          }
        }
      }
    },
    "/role": {
      "post": {
        "tags": [
          "Roles"
        ],
        "summary": "New role creation",
        "description": "INT-64 Roles",
        "requestBody": {
          "content": {
            "application/json": {
              "schema": {
                "type": "object",
                "properties": {
                  "roleDetails": {
                    "$ref": "#/components/schemas/RoleDetails"
                  }
                }
              }
            }
          },
          "required": true
        },
        "responses": {
          "202": {
            "description": "Accepted"
          },
          "400": {
            "description": "Invalid input"
          },
          "401": {
            "description": "Unauthorized"
          },
          "403": {
            "description": "Forbidden"
          }
        }
      }
    },
    "/user": {
      "post": {
        "tags": [
          "Users"
        ],
        "summary": "New user creation",
        "description": "INT-66 Users",
        "requestBody": {
          "content": {
            "application/json": {
              "schema": {
                "type": "object",
                "properties": {
                  "registrationDetails": {
                    "$ref": "#/components/schemas/UserDetails"
                  }
                }
              }
            }
          },
          "required": true
        },
        "responses": {
          "202": {
            "description": "Accepted"
          },
          "400": {
            "description": "Invalid input"
          },
          "401": {
            "description": "Unauthorized"
          },
          "403": {
            "description": "Forbidden"
          }
        }
      }
    },
    "/resultmanagement": {
      "post": {
        "tags": [
          "Result Management"
        ],
        "summary": "Booking details that are sent as events to Result Management",
        "description": "INT-41 - Entries",
        "requestBody": {
          "content": {
            "application/json": {
              "schema": {
                "type": "object",
                "properties": {
                  "bookingDetails": {
                    "$ref": "#/components/schemas/ResultMgmtEntriesEvent"
                  }
                }
              }
            }
          },
          "required": true
        },
        "responses": {
          "202": {
            "description": "Accepted"
          },
          "400": {
            "description": "Invalid input"
          },
          "401": {
            "description": "Unauthorized"
          },
          "403": {
            "description": "Forbidden"
          }
        }
      }
    },
    "/resultmanagement/uniquett": {
      "post": {
        "tags": [
          "Result Management"
        ],
        "summary": "Unique test taker details that are sent as events to Result Management from Booking",
        "description": "INT-42 Unique TT List",
        "requestBody": {
          "content": {
            "application/json": {
              "schema": {
                "type": "object",
                "properties": {
                  "uniqueTestTakerDetails": {
                    "type": "array",
                    "description": "list of Unique test takers details",
                    "items": {
                      "$ref": "#/components/schemas/UniqueTestTaker"
                    }
                  }
                }
              }
            }
          },
          "required": true
        },
        "responses": {
          "202": {
            "description": "Accepted"
          },
          "400": {
            "description": "Invalid input"
          },
          "401": {
            "description": "Unauthorized"
          },
          "403": {
            "description": "Forbidden"
          }
        }
      }
    },
    "/resultmanagement/releasestatuses": {
      "post": {
        "tags": [
          "Result Management"
        ],
        "summary": "Booking service subscribes to the Result Release Status updates currently being published by our Result Management service.",
        "description": "INT-127 - Release Status updates",
        "requestBody": {
          "content": {
            "application/json": {
              "schema": {
                "type": "array",
                "items": {
                  "$ref": "#/components/schemas/ResultStatusUpdateRecord"
                }
              }
            }
          },
          "required": true
        },
        "responses": {
          "202": {
            "description": "Accepted"
          },
          "400": {
            "description": "Invalid input"
          },
          "401": {
            "description": "Unauthorized"
          },
          "403": {
            "description": "Forbidden"
          }
        }
      }
    },
    "/trfresults": {
      "post": {
        "tags": [
          "Result Delivery"
        ],
        "summary": "Result Management sends the results and TRF to Result Delivery",
        "description": "INT-81 Results & TRF",
        "requestBody": {
          "content": {
            "application/json": {
              "schema": {
                "type": "object",
                "properties": {
                  "trfResults": {
                    "type": "array",
                    "items": {
                      "$ref": "#/components/schemas/TRFResult"
                    }
                  }
                }
              }
            }
          }
        },
        "responses": {
          "202": {
            "description": "Accepted"
          },
          "400": {
            "description": "Bad request"
          },
          "401": {
            "description": "Unauthorized"
          },
          "403": {
            "description": "Forbidden"
          }
        }
      }
    }
  },
  "components": {
    "schemas": {
      "ProductNode": {
        "type": "object",
        "description": "Definition of the Product",
        "x-examples": {},
        "title": "",
        "required": [
          "productId",
          "productName",
          "parentProductId",
          "module",
          "isBookable",
          "durationMin",
          "format",
          "isLocationApprovalRequired",
          "availableFromDate",
          "availableToDate"
        ],
        "properties": {
          "productId": {
            "type": "integer",
            "description": "Id of the Product",
            "example": "12345679"
          },
          "legacyProductId": {
            "type": "string",
            "description": "Legacy Id of the Product",
            "example": "123"
          },
          "parentProductId": {
            "description": "Id of the Parent Product",
            "example": "1234",
            "type": "number"
          },
          "productName": {
            "type": "string",
            "description": "Name of the Product",
            "example": "PB IELTS"
          },
          "module": {
            "type": "string",
            "enum": [
              "AC",
              "GT"
            ],
            "description": "Test model associated with product << Need to validate description >>"
          },
          "isBookable": {
            "type": "boolean",
            "description": "If the product is bookable for the Test. ",
            "example": false
          },
          "durationMin": {
            "type": "string",
            "description": "Duration of the Test for the specific product",
            "example": "120"
          },
          "format": {
            "type": "string",
            "enum": [
              "CD",
              "PB"
            ],
            "description": "Category of the Product Computer Delivered or Paper Based",
            "example": "CD"
          },
          "isLocationApprovalRequired": {
            "type": "boolean",
            "enum": [
              true,
              false,
              null
            ],
            "description": "if the approval required for the location to conduct the test of the product"
          },
          "availableFromDate": {
            "type": "string",
            "format": "date",
            "description": "Start date of the availability of the Product \"YYYY-MM-DD\""
          },
          "availableToDate": {
            "type": "string",
            "format": "date",
            "description": "End date of the availability of the Product \"YYYY-MM-DD\""
          },
          "templateId": {
            "type": "string",
            "description": "Inspera template id. ORS won't need this field. Can be ignored by ORS if it's received",
            "example": "12345"
          }
        }
      },
      "ReferenceNode": {
        "type": "object",
        "properties": {
          "language": {
            "type": "array",
            "description": "Reference details of the Language",
            "items": {
              "$ref": "#/components/schemas/LanguageNode"
            }
          },
          "country": {
            "type": "array",
            "description": "Reference details of the Country",
            "items": {
              "$ref": "#/components/schemas/CountryNode"
            }
          },
          "nationality": {
            "type": "array",
            "description": "Reference details of the Nationality",
            "items": {
              "$ref": "#/components/schemas/NationalityNode"
            }
          },
          "educationLevel": {
            "type": "array",
            "description": "Reference details of the Education level",
            "items": {
              "$ref": "#/components/schemas/EducationLevelNode"
            }
          },
          "occupationSector": {
            "type": "array",
            "description": "Reference details of the Occupation Sector",
            "items": {
              "$ref": "#/components/schemas/OccupationSectorNode"
            }
          },
          "occupationLevel": {
            "type": "array",
            "description": "Reference details of the Occupation level",
            "items": {
              "$ref": "#/components/schemas/OcupationLevelNode"
            }
          },
          "reasonForTest": {
            "type": "array",
            "description": "Reference details of the Reason for test",
            "items": {
              "$ref": "#/components/schemas/ReasonForTestNode"
            }
          },
          "identityType": {
            "type": "array",
            "description": "Reference details of the identity type",
            "items": {
              "$ref": "#/components/schemas/IdentityTypeNode"
            }
          }
        }
      },
      "LPRLocationHierarchy": {
        "type": "object",
        "required": [
          "partnerId",
          "locationId",
          "testCentreId",
          "locationType",
          "locationName",
          "externalReference",
          "parentExternalReference",
          "parentLocationId",
          "status",
          "statusChangeDate",
          "addresses",
          "contacts",
          "approvedProducts"
        ],
        "properties": {
          "partnerId": {
            "type": "string",
            "description": "This field is used only where locationType = test centre",
            "example": "IDP"
          },
          "locationId": {
            "type": "string",
            "description": "Id of the Location",
            "example": "79817239"
          },
          "testCentreId": {
            "type": "string",
            "description": "Id of the Test Centre",
            "example": "AU241"
          },
          "locationType": {
            "type": "string",
            "description": "Specifies the type of Location",
            "enum": [
              "Test Centre",
              "Virtual Building",
              "Building",
              "Room"
            ],
            "example": "Test Centre"
          },
          "locationName": {
            "type": "string",
            "description": "Name of the Location",
            "example": "IDP Melbourne"
          },
          "externalReference": {
            "type": "string",
            "description": "External Reference Id of the Location",
            "example": "AU241"
          },
          "parentExternalReference": {
            "type": "string",
            "description": "External Reference Id of the Parent Location",
            "example": null
          },
          "parentLocationId": {
            "type": "string",
            "description": "For locations of type ‘Test Centre’, the locationId of the parent country;  For buildings, the locationId of the parent centre; For rooms, the locationId of the parent building\""
          },
          "status": {
            "type": "string",
            "enum": [
              "ACTIVE",
              "SUSPEND",
              "RETIRED",
              "INACTIVE"
            ],
            "description": "Current status of the Location",
            "example": "ACTIVE"
          },
          "statusChangeDate": {
            "type": "string",
            "format": "date",
            "description": "Date at which the status of the Location is changed(YYYY-MM-DD)"
          },
          "addresses": {
            "type": "array",
            "description": "List of various addresses of Location",
            "items": {
              "$ref": "#/components/schemas/LocationHierarchyAddress"
            }
          },
          "contacts": {
            "type": "array",
            "description": "List of people who can be contacted by the IELTS operation for location communication",
            "items": {
              "$ref": "#/components/schemas/LocationHierarchyContacts"
            }
          },
          "approvedProducts": {
            "type": "array",
            "description": "List of products for which the location is eligible to conduct tests",
            "items": {
              "$ref": "#/components/schemas/LocationHierarchyApprovedProduct"
            }
          }
        }
      },
      "ReasonForTestNode": {
        "type": "object",
        "required": [
          "referenceId",
          "referenceName",
          "effectiveFromDate",
          "effectiveToDate"
        ],
        "properties": {
          "referenceId": {
            "type": "string",
            "example": "CMDS_ID",
            "description": "Id of the reason as per the Reference data"
          },
          "legacyReferenceId": {
            "type": "string",
            "example": 0,
            "description": "Legacy Id of the reason as per the Reference data"
          },
          "referenceName": {
            "type": "string",
            "example": "other",
            "description": "Reason description"
          },
          "effectiveFromDate": {
            "type": "string",
            "format": "date",
            "description": "Date from which the data becomes effective"
          },
          "effectiveToDate": {
            "type": "string",
            "format": "date",
            "description": "Date till which the data is effective"
          }
        }
      },
      "OcupationLevelNode": {
        "type": "object",
        "required": [
          "referenceId",
          "referenceName",
          "effectiveFromDate",
          "effectiveToDate"
        ],
        "properties": {
          "referenceId": {
            "type": "string",
            "description": "Id of the Occupation level as per Reference data"
          },
          "legacyReferenceId": {
            "type": "string",
            "description": "Legacy Id of the Occupation level as per Reference data"
          },
          "referenceName": {
            "type": "string",
            "description": "Name of the Occupation level as per Reference data"
          },
          "effectiveFromDate": {
            "type": "string",
            "description": "Date from which data is effective"
          },
          "efectiveToDate": {
            "type": "string",
            "description": "Date till which data is effective"
          }
        }
      },
      "OccupationSectorNode": {
        "type": "object",
        "required": [
          "referenceId",
          "referenceName",
          "effectiveFromDate",
          "effectiveToDate"
        ],
        "properties": {
          "referenceId": {
            "type": "string",
            "example": "CMDS_ID",
            "description": "Id of the Occupation as per Reference data"
          },
          "legacyReferenceId": {
            "type": "string",
            "example": 0,
            "description": "Legacy Id for the Occupation as per the Reference data"
          },
          "referenceName": {
            "type": "string",
            "example": "Administrative services",
            "description": "Name as per the Reference data"
          },
          "effectiveFromDate": {
            "type": "string",
            "format": "date",
            "description": "The date at which the data comes to effect in YYYY-MM-DD format"
          },
          "efectiveToDate": {
            "type": "string",
            "format": "date",
            "description": "The date till which the data is effective in YYYY-MM-DD format"
          }
        }
      },
      "EducationLevelNode": {
        "type": "object",
        "required": [
          "referenceId",
          "referenceName",
          "effectiveFromDate",
          "effectiveToDate"
        ],
        "properties": {
          "referenceId": {
            "type": "string",
            "description": "Id for the Education Level as per Reference data",
            "example": "CMDS_ID"
          },
          "legacyReferenceId": {
            "type": "string",
            "description": "Legacy Id for the Education Level as per the Reference Id",
            "example": 0
          },
          "referenceName": {
            "type": "string",
            "description": "Name as per the Reference data",
            "example": "Secondary up to 16 years"
          },
          "effectiveFromDate": {
            "type": "string",
            "format": "date",
            "description": "The date at which the data comes to effect in YYYY-MM-DD format"
          },
          "efectiveToDate": {
            "type": "string",
            "format": "date",
            "description": "The date till which the data is effective in YYYY-MM-DD format"
          }
        }
      },
      "NationalityNode": {
        "type": "object",
        "required": [
          "referenceId",
          "referenceName",
          "iso2Code",
          "iso3Code",
          "effectiveFromDate",
          "effectiveToDate"
        ],
        "properties": {
          "referenceId": {
            "type": "string",
            "description": "Id of the nationality as per the reference data",
            "example": "123456"
          },
          "legacyReferenceId": {
            "type": "string",
            "description": "Legacy Id of the nationality as per the reference data",
            "example": "45"
          },
          "iso2Code": {
            "type": "string",
            "description": "Two digit standard ISO code for the nationality",
            "example": "IT"
          },
          "iso3Code": {
            "type": "string",
            "description": "Three digit standard ISO code for the nationality",
            "example": "ITA"
          },
          "referenceName": {
            "type": "string",
            "description": "Name as per the Reference data",
            "example": "Italian"
          },
          "effectiveFromDate": {
            "type": "string",
            "format": "date",
            "description": "The date at which the data comes to effect in YYYY-MM-DD format"
          },
          "effectiveToDate": {
            "type": "string",
            "format": "date",
            "description": "The date till which the data is effective in YYYY-MM-DD format"
          }
        }
      },
      "CountryNode": {
        "type": "object",
        "required": [
          "referenceId",
          "referenceName",
          "iso2Code",
          "iso3Code",
          "effectiveFromDate",
          "effectiveToDate"
        ],
        "properties": {
          "referenceId": {
            "type": "string",
            "description": "Id of the Country as per the reference data",
            "example": "123456"
          },
          "legacyReferenceId": {
            "type": "string",
            "description": "Legacy Id of the Country as per the reference data",
            "example": "45"
          },
          "iso2Code": {
            "type": "string",
            "description": "Two digit standard ISO code for the Country",
            "example": "AU"
          },
          "iso3Code": {
            "type": "string",
            "description": "Three digit standard ISO code for the Country",
            "example": "AUS"
          },
          "referenceName": {
            "type": "string",
            "description": "Name of country as per the Reference data",
            "example": "Australia"
          },
          "effectiveFromDate": {
            "type": "string",
            "format": "date",
            "description": "The date at which the data comes to effect in YYYY-MM-DD format"
          },
          "effectiveToDate": {
            "type": "string",
            "format": "date",
            "description": "The date till which the data is effective in YYYY-MM-DD format"
          }
        }
      },
      "LanguageNode": {
        "type": "object",
        "required": [
          "referenceId",
          "referenceName",
          "iso2Code",
          "iso3Code",
          "effectiveFromDate",
          "effectiveToDate"
        ],
        "properties": {
          "referenceId": {
            "type": "string",
            "description": "Id of the Language as per the reference data",
            "example": "CMDS_ID"
          },
          "legacyReferenceId": {
            "type": "string",
            "description": "Legacy Id of the Language as per the reference data",
            "example": "45"
          },
          "iso2Code": {
            "type": "string",
            "description": "Two digit standard ISO code for the language",
            "example": "IT"
          },
          "iso3Code": {
            "type": "string",
            "description": "Three digit standard ISO code for the language",
            "example": "ITA"
          },
          "referenceName": {
            "type": "string",
            "description": "Name as per the Reference data",
            "example": "Italian"
          },
          "effectiveFromDate": {
            "type": "string",
            "format": "date",
            "description": "The date at which the data comes to effect in YYYY-MM-DD format"
          },
          "effectiveToDate": {
            "type": "string",
            "format": "date",
            "description": "The date till which the data is effective in YYYY-MM-DD format"
          }
        }
      },
      "IdentityTypeNode": {
        "type": "object",
        "required": [
          "referenceId",
          "referenceName",
          "effectiveFromDate",
          "effectiveToDate"
        ],
        "properties": {
          "referenceId": {
            "type": "string",
            "example": "CMDS_ID",
            "description": "Id of the IdentityType as per the Reference data"
          },
          "legacyReferenceId": {
            "type": "string",
            "example": "B",
            "description": "Legacy Id of the IdentityType as per the Reference data"
          },
          "referenceName": {
            "type": "string",
            "example": "Biometric Residence Permit",
            "description": "Name of the Identity type"
          },
          "effectiveFromDate": {
            "type": "string",
            "format": "date",
            "description": "Date from which data becomes effective"
          },
          "efectiveToDate": {
            "type": "string",
            "format": "date",
            "description": "Date till which data is effective"
          }
        }
      },
      "LocationHierarchyAddress": {
        "type": "object",
        "required": [
          "addressType",
          "address1Line",
          "address2Line",
          "zipPostcode",
          "country3Code",
          "action"
        ],
        "properties": {
          "addressType": {
            "type": "string",
            "enum": [
              "Postal",
              "Street"
            ],
            "description": "Category of the address",
            "example": "Postal"
          },
          "address1Line": {
            "type": "string",
            "description": "First line of the address",
            "example": "GPO BOX 1515"
          },
          "address2Line": {
            "type": "string",
            "description": "Second line of the address"
          },
          "address3Line": {
            "type": "string",
            "description": "Third line of the address"
          },
          "address4Line": {
            "type": "string",
            "description": "Forth line of the address"
          },
          "city": {
            "type": "string",
            "description": "Name of the City",
            "example": "Melbourne"
          },
          "stateProvince": {
            "type": "string",
            "description": "Name of the City or Province",
            "example": "VIC"
          },
          "zipPostcode": {
            "type": "string",
            "description": "postcode or zipcode of the address",
            "example": "3000"
          },
          "country3Code": {
            "type": "string",
            "description": "Three letter code of the country",
            "example": "AUS"
          },
          "action": {
            "type": "string",
            "enum": [
              "CHG",
              "ADD",
              "DLT"
            ],
            "description": "Actions on the hierarchy",
            "example": "CHG"
          }
        }
      },
      "LocationHierarchyContacts": {
        "type": "object",
        "required": [
          "contactType",
          "firstName",
          "lastName",
          "telephone",
          "email",
          "action"
        ],
        "properties": {
          "contactType": {
            "type": "string",
            "enum": [
              "Test Centre Administrator",
              "Test Centre IT Support"
            ],
            "example": "Test Centre Administrator"
          },
          "firstName": {
            "type": "string",
            "description": "first name of the contact person",
            "example": "Alan"
          },
          "lastName": {
            "type": "string",
            "description": "last name of the contact person",
            "example": "Davies"
          },
          "telephone": {
            "type": "string",
            "description": "telephone number of the contact person",
            "example": "6128288282"
          },
          "email": {
            "type": "string",
            "description": "email Id of the contact person",
            "example": "SupportAu241@idp.com"
          },
          "action": {
            "type": "string",
            "description": "Actions on the contact",
            "enum": [
              "CHG",
              "ADD",
              "DLT",
              null
            ],
            "example": "CHG"
          }
        }
      },
      "LocationHierarchyApprovedProduct": {
        "type": "object",
        "required": [
          "name",
          "authorisedStartDate",
          "authorisedBy",
          "action"
        ],
        "properties": {
          "name": {
            "type": "string",
            "description": "Name of the approved product",
            "example": "CMDS_PRODUCT_NO - 1234567"
          },
          "authorisedStartDate": {
            "type": "string",
            "format": "dateTime",
            "description": "Start Date from which the product is authorised (YYYY-MM-DD)",
            "example": "2020-06-01T00:00:00.000Z"
          },
          "suspendedDate": {
            "type": "string",
            "format": "dateTime",
            "description": "Date from which the product is suspended",
            "example": "2020-09-02T00:00:00.000Z"
          },
          "authorisedBy": {
            "type": "string",
            "description": "Id of the staff who has the authorised the product",
            "example": "pmitchel@ielts.com"
          },
          "action": {
            "type": "string",
            "enum": [
              "CHG",
              "ADD",
              "DLT",
              null
            ],
            "description": "Actions that are made on the Hierarchy",
            "example": "CHG"
          }
        }
      },
      "ResponseWithTransactionID": {
        "type": "object",
        "properties": {
          "transactionId": {
            "type": "string",
            "description": "Unique identifier for the transaction."
          }
        }
      },
      "RoleAssignmentDetails": {
        "type": "object",
        "required": [
          "userId",
          "roles"
        ],
        "properties": {
          "userId": {
            "type": "string",
            "description": "Id of the User (Master data owner-CMDS)"
          },
          "roles": {
            "type": "array",
            "items": {
              "type": "object",
              "required": [
                "externalRoleId",
                "locationId",
                "effectiveFromUTCTime",
                "effectiveToUTCTime"
              ],
              "properties": {
                "externalRoleId": {
                  "type": "string",
                  "description": "Id of the Role"
                },
                "locationId": {
                  "type": "string",
                  "description": "Id of the location in which role is enabled for the user"
                },
                "effectiveFromUTCTime": {
                  "type": "string",
                  "format": "date-time",
                  "description": "Start date and time from which the role will be effective for the user"
                },
                "effectiveToUTCTime": {
                  "type": "string",
                  "format": "date-time",
                  "description": "End date and time upto which the role will be effective for the user"
                }
              }
            }
          }
        }
      },
      "RoleDetails": {
        "type": "object",
        "required": [
          "name",
          "applicationName",
          "externalRoleId"
        ],
        "properties": {
          "name": {
            "type": "string",
            "description": "Name of the Role"
          },
          "description": {
            "type": "string",
            "description": "Description about the role"
          },
          "applicationName": {
            "type": "string",
            "enum": [
              "CMDS",
              "INSPERA"
            ],
            "description": "Application to which the role belongs"
          },
          "externalRoleId": {
            "type": "string",
            "description": "Id of the Role"
          }
        }
      },
      "UserDetails": {
        "type": "object",
        "required": [
          "userId",
          "name",
          "givenName",
          "connection",
          "email",
          "phoneNumber",
          "userMetadata",
          "blocked",
          "emailVerified",
          "phoneVerified",
          "appMetadata",
          "verifyEmail"
        ],
        "properties": {
          "userId": {
            "type": "string",
            "description": "Id of the User",
            "example": "12321"
          },
          "name": {
            "type": "string",
            "description": "Name of the User",
            "example": "Alan Davies"
          },
          "givenName": {
            "type": "string",
            "description": "Given name of the User",
            "example": "Alan"
          },
          "familyName": {
            "type": "string",
            "description": "Family name of the User",
            "example": "Davies"
          },
          "nickname": {
            "type": "string",
            "description": "Nick name of the User",
            "example": "Al "
          },
          "connection": {
            "type": "string",
            "example": "Initial-Connection"
          },
          "email": {
            "type": "string",
            "description": "email Id of the User",
            "example": "alan@gmail.com"
          },
          "phoneNumber": {
            "type": "string",
            "description": "Phone number of the User",
            "example": "+1 234566778"
          },
          "userMetadata": {
            "type": "object",
            "description": "Additional details of the user"
          },
          "blocked": {
            "type": "boolean",
            "description": "If the User is blocked",
            "example": false
          },
          "emailVerified": {
            "type": "boolean",
            "description": "If the Email Verification is done"
          },
          "phoneVerified": {
            "type": "boolean",
            "description": "If the mobile verification of User is done"
          },
          "appMetadata": {
            "type": "object",
            "description": "Details about the application (CMDS/INSPERA)"
          },
          "verifyEmail": {
            "type": "boolean"
          }
        }
      },
      "ResultMgmtEntriesEvent": {
        "type": "object",
        "required": [
          "productId",
          "locationId",
          "testDate",
          "externalBookingId"
        ],
        "properties": {
          "productId": {
            "type": "integer",
            "description": "Id of the IELTS product",
            "example": 123
          },
          "locationId": {
            "type": "integer",
            "description": "ID of the location as per LPR data.(Master data owner-CMDS)",
            "example": 202
          },
          "testDate": {
            "type": "string",
            "format": "date-time",
            "description": "Date of the Test (YYYYMMDD)"
          },
          "externalBookingId": {
            "type": "string",
            "description": "ID of the booking in Partner system.(Master data owner-ORS)"
          },
          "bookingDetailStatus": {
            "type": "string",
            "enum": [
              "INCOMPLETE",
              "COMPLETE"
            ]
          },
          "marketingInfo": {
            "$ref": "#/components/schemas/MarketingInfo"
          },
          "testTaker": {
            "$ref": "#/components/schemas/ResultMgmtTestTakerDetails"
          },
          "bookingLines": {
            "type": "array",
            "items": {
              "$ref": "#/components/schemas/BookingLineResponse"
            }
          }
        }
      },
      "MarketingInfo": {
        "type": "object",
        "required": [
          "educationLevel",
          "yearsOfStudy",
          "occupationSector",
          "occupationLevel",
          "reasonForTest",
          "applyingToCountry3code",
          "currentEnglishStudyPlace",
          "occupationSectorOther",
          "occupationLevelOther",
          "reasonForTestOther",
          "countryApplyingToOther"
        ],
        "properties": {
          "educationLevel": {
            "type": "string",
            "description": "Education level of the Test Taker",
            "example": "Bachelors Degree"
          },
          "yearsOfStudy": {
            "type": "integer",
            "description": "No of years of study of Test taker",
            "example": 4
          },
          "occupationSector": {
            "type": "string",
            "description": "Occupation sector of the Test taker"
          },
          "occupationLevel": {
            "type": "string",
            "description": "Occupation level of the Test taker"
          },
          "reasonForTest": {
            "type": "string",
            "description": "Reasons for Test by test taker",
            "example": "Applying for Masters"
          },
          "applyingToCountry3code": {
            "type": "string",
            "description": "Three letter code of country to which the test taker is applying",
            "example": "AUS"
          },
          "currentEnglishStudyPlace": {
            "type": "string",
            "example": "DJ Uni.",
            "description": "Test taker's place of studying English"
          },
          "occupationSectorOther": {
            "type": "string",
            "description": "Other occupation sectors of the Test taker (This field needs confirmation)"
          },
          "occupationLevelOther": {
            "type": "string",
            "description": "Other Occupation levels of Test taker (This field needs confirmation)"
          },
          "reasonForTestOther": {
            "type": "string",
            "description": "Other reasons for Test by test taker (This field needs confirmation)"
          },
          "countryApplyingToOther": {
            "type": "string",
            "description": "Other Countries to which the test taker is applying for (This field needs confirmation)",
            "example": "GBR"
          }
        }
      },
      "ResultMgmtTestTakerDetails": {
        "type": "object",
        "required": [
          "testTakerId",
          "externalTestTakerId",
          "shortCandidateNumber",
          "compositeCandidateNumber",
          "identityNumber",
          "identityType",
          "identityVerificationStatus",
          "identityIssuingAuthority",
          "identityExpiryDate",
          "firstName",
          "lastName",
          "dob",
          "sex",
          "email",
          "title",
          "telephone",
          "mobile",
          "languageId",
          "nationalityId",
          "address"
        ],
        "properties": {
          "testTakerId": {
            "type": "string",
            "description": "Id of the test taker in CMDS ( Master data owner - CMDS )"
          },
          "externalTestTakerId": {
            "type": "string",
            "description": "Id of the test taker in the partner system ( Master data owner - ORS )",
            "example": "1234"
          },
          "shortCandidateNumber": {
            "type": "string",
            "description": "6 digit test taker number"
          },
          "compositeCandidateNumber": {
            "type": "string",
            "description": "<<TestCentreId>><<UK FINANCIAL YEAR YY FORMAT>><<shortCandidateNumber>>",
            "example": "AU24020123456"
          },
          "identityNumber": {
            "type": "string",
            "description": "Number in the test takers identification document ( passport number, driving license number )",
            "example": "AB12314"
          },
          "identityType": {
            "type": "integer",
            "description": "Id matching the CMDS unique id for the identity type"
          },
          "identityVerificationStatus": {
            "type": "string",
            "enum": [
              "INCOMPLETE",
              "UNVERIFIED",
              "VERIFIED"
            ],
            "example": "VERIFIED"
          },
          "identityIssuingAuthority": {
            "type": "string",
            "description": "Organisation or Institution which issues the Identity document"
          },
          "identityExpiryDate": {
            "type": "string",
            "format": "date",
            "description": "Date at which identity document gets expired"
          },
          "firstName": {
            "type": "string",
            "description": "first name of the Test taker",
            "example": "Alan"
          },
          "lastName": {
            "type": "string",
            "description": "last name of the Test taker",
            "example": "Davies"
          },
          "dob": {
            "type": "string",
            "format": "date",
            "description": "Date of Birth of the Test taker as per identification Document"
          },
          "sex": {
            "type": "string",
            "description": "Gender of the Test taker",
            "example": "M"
          },
          "email": {
            "type": "string",
            "description": "email id of the Test taker",
            "example": "alan@gmail.com"
          },
          "title": {
            "type": "string",
            "description": "Mr., Mrs., Miss., Dr.,",
            "example": "Mr."
          },
          "telephone": {
            "type": "string",
            "description": "Telephone number of the Test taker",
            "example": "+1 234566778"
          },
          "mobile": {
            "type": "string",
            "description": "Mobile number of the Test taker",
            "example": "1234567890"
          },
          "languageId": {
            "type": "string",
            "description": "Id of the language of Test taker as per Reference Data",
            "example": "4"
          },
          "nationalityId": {
            "type": "string",
            "description": "Id of the Nationality of Test taker as per Reference Data",
            "example": "8"
          },
          "notes": {
            "type": "string",
            "description": "Extra notes"
          },
          "address": {
            "description": "Address of the Test taker",
            "$ref": "#/components/schemas/TestTakerDetails_address"
          }
        }
      },
      "TestTakerDetails_address": {
        "type": "object",
        "required": [
          "streetAddress1",
          "streetAddress2",
          "postalCode",
          "countryId"
        ],
        "properties": {
          "streetAddress1": {
            "type": "string",
            "description": "First line of address of Test Taker",
            "example": "15"
          },
          "streetAddress2": {
            "type": "string",
            "description": "Second line of address of Test Taker",
            "example": "King Street"
          },
          "streetAddress3": {
            "type": "string",
            "description": "Third line of address of Test Taker",
            "example": ""
          },
          "streetAddress4": {
            "type": "string",
            "description": "Forth line of address of Test Taker",
            "example": ""
          },
          "state": {
            "type": "string",
            "description": "State to which the Test taker address belongs",
            "example": "VIC"
          },
          "postalCode": {
            "type": "string",
            "description": "Postcode or Zipcode of the address",
            "example": "1234"
          },
          "city": {
            "type": "string",
            "description": "City specified in the address",
            "example": "Melbourne"
          },
          "countryId": {
            "type": "string",
            "description": "If of the country as per the Reference Data",
            "example": "AUS"
          }
        }
      },
      "BookingLineResponse": {
        "type": "object",
        "required": [
          "bookingLineId",
          "externalBookingLineId",
          "startTimeUTC",
          "endTimeUTC",
          "extraTimeMinutes",
          "productId",
          "locationId"
        ],
        "properties": {
          "bookingLineId": {
            "type": "string",
            "example": "1233",
            "description": "Unique id of the Bookingline generated by CMDS"
          },
          "externalBookingLineId": {
            "type": "string",
            "example": "1233",
            "description": "Id of Booking line generated in ORS"
          },
          "startTimeUTC": {
            "type": "string",
            "format": "date-time",
            "description": "starting time of the specific child component of the test for the candidate in UTC"
          },
          "startTimeLocal": {
            "type": "string",
            "format": "date-time",
            "description": "starting time of the specific child component of the test for the candidate in Local time zone"
          },
          "endTimeUTC": {
            "type": "string",
            "format": "date-time",
            "description": "End time of the specific child component of the test for the candidate in UTC"
          },
          "endTimeLocal": {
            "type": "string",
            "format": "date-time",
            "description": "End time of the specific child component of the test for the candidate in Local time zone"
          },
          "extraTimeMinutes": {
            "type": "integer",
            "description": "Extra time in minutes required by the test taker",
            "example": 15
          },
          "productId": {
            "type": "string",
            "description": "Id of the IELTS product Booking line",
            "example": "CD-IELTS-GT-R"
          },
          "locationId": {
            "type": "string",
            "description": "Id of the location at which the test was taken as per LPR data",
            "example": "AU241-3"
          },
          "isExempt": {
            "type": "boolean",
            "description": "if test taker is exempted from the booking line of the Product Id",
            "example": false
          }
        }
      },
      "UniqueTestTaker": {
        "type": "object",
        "required": [
          "testTakerId",
          "replacedByTestTakerId",
          "identities",
          "testAttempts",
          "banned"
        ],
        "properties": {
          "testTakerId": {
            "type": "string",
            "description": "Unique id of the Test taker",
            "example": "123"
          },
          "replacedByTestTakerId": {
            "type": "string",
            "description": "Replacement Id for the Test taker Id"
          },
          "identities": {
            "description": "Identity documents of the Test taker",
            "type": "array",
            "items": {
              "type": "object",
              "required": [
                "identity",
                "identityType"
              ],
              "properties": {
                "partnerId": {
                  "type": "string",
                  "description": "Id of Partner system with which the Test taker registered",
                  "example": "IDP"
                },
                "firstName": {
                  "type": "string",
                  "example": "Alan",
                  "description": "First Name of the Test taker"
                },
                "lastName": {
                  "type": "string",
                  "example": "Davies",
                  "description": "Last Name of the Test taker"
                },
                "dob": {
                  "type": "string",
                  "format": "date",
                  "description": "Date of Birth of the Test taker"
                },
                "nationality": {
                  "type": "string",
                  "description": "Nationality of the Test taker",
                  "example": "Indian"
                },
                "identity": {
                  "type": "string",
                  "example": "A123B1",
                  "description": "Identity number of the Test taker"
                },
                "identityType": {
                  "type": "string",
                  "example": "Driving License",
                  "description": "Identity document type of the Test taker"
                }
              }
            }
          },
          "testAttempts": {
            "type": "array",
            "description": "Describes the tests attempted by the test taker",
            "items": {
              "type": "object",
              "required": [
                "partnerId",
                "bookingId",
                "testDate",
                "compositeCandidateNumber"
              ],
              "properties": {
                "partnerId": {
                  "type": "string",
                  "description": "Id of Partner system with which the Test taker registered",
                  "example": "IDP"
                },
                "bookingId": {
                  "type": "string",
                  "example": "12321",
                  "description": "Booking Id from CMDS"
                },
                "testDate": {
                  "type": "string",
                  "description": "Date at which the test was taken"
                },
                "compositeCandidateNumber": {
                  "type": "string",
                  "description": ">- <<TestCentreId>><<UK FINANCIAL YEAR YY FORMAT>><<shortCandidateNumber>>",
                  "example": "AU24020123456"
                }
              }
            }
          },
          "banned": {
            "type": "array",
            "description": "Describes Banned details of the Test taker",
            "items": {
              "type": "object",
              "required": [
                "locationId",
                "fromDate",
                "toDate"
              ],
              "properties": {
                "locationId": {
                  "type": "string",
                  "description": "Id of the Location as per reference data",
                  "example": "202"
                },
                "fromDate": {
                  "type": "string",
                  "format": "date",
                  "description": "Date from which the test taker was banned"
                },
                "toDate": {
                  "type": "string",
                  "format": "date",
                  "description": "Date till which the test taker was banned"
                }
              }
            }
          }
        }
      },
      "TRFResult": {
        "type": "object",
        "properties": {
          "partnerId": {
            "type": "string",
            "description": "ID of the partner ORS system",
            "example": "IDP"
          },
          "trfNumber": {
            "type": "string",
            "description": "Id of the TRF Record",
            "example": "19CA002712WXA250A"
          },
          "effectiveDate": {
            "type": "string",
            "format": "date",
            "description": "Date at which the result came to effect"
          },
          "testTaker": {
            "type": "object",
            "properties": {
              "testTakerId": {
                "type": "string",
                "description": "Id of the test taker assigned by CMDS",
                "example": "1234"
              },
              "title": {
                "type": "string",
                "example": "Dr. ",
                "description": "Title of the Test taker"
              },
              "firstName": {
                "type": "string",
                "example": "Alan",
                "description": "first Name of the Test taker"
              },
              "lastName": {
                "type": "string",
                "example": "Davies",
                "description": "last Name of the Test taker"
              },
              "dob": {
                "type": "string",
                "format": "date",
                "description": "Date of Birth of the Test taker"
              },
              "identity": {
                "type": "string",
                "example": "A123B1",
                "description": "Identity number of the Test taker"
              },
              "identityType": {
                "type": "string",
                "example": "Driving License",
                "description": "Identity document type of the Test taker"
              },
              "shortCandidateNumber": {
                "type": "string",
                "description": "Candidate number of test taker in short format",
                "example": "002712"
              },
              "compositeCandidateNumber": {
                "type": "string",
                "description": "TestCentreId|UK FINANCIAL YEAR YY FORMAT|shortCandidateNumber|",
                "example": "CA25019002712"
              },
              "sex": {
                "type": "string",
                "description": "Gender of the Test taker M or F",
                "example": "M"
              },
              "countryOfOriginName": {
                "type": "string",
                "description": "Country from which the Test taker is originated",
                "example": "Canada"
              },
              "countryOfOriginIso3Code": {
                "type": "string",
                "description": "Three digit Iso code Country from which the Test taker is originated",
                "example": "CAN"
              },
              "countryOfNationalityName": {
                "type": "string",
                "description": "Nationality of the Test taker",
                "example": "Germany"
              },
              "countyOfNationalityIso3Code": {
                "type": "string",
                "description": "Three digit Iso code of Nationality of the Test taker",
                "example": "DEU"
              },
              "schemeName": {
                "type": "string",
                "description": "Scheme name",
                "example": "Private Candidate"
              },
              "schemeCode": {
                "type": "string",
                "description": "two digit code of the Scheme name",
                "example": "PC"
              },
              "languageIso3Code": {
                "type": "string",
                "description": "Three digit Iso code of language of the test taker",
                "example": 639
              },
              "languageName": {
                "type": "string",
                "description": "First language of the test taker",
                "example": "German"
              },
              "cefrLevel": {
                "type": "string",
                "description": "Standard Grading mapped to the Overall score",
                "example": "A1"
              },
              "administratorComments": {
                "type": "string",
                "description": "Comments by the administrator",
                "example": ""
              }
            }
          },
          "booking": {
            "type": "object",
            "properties": {
              "bookingId": {
                "type": "string",
                "example": "12321",
                "description": "Booking Id from CMDS"
              },
              "isEor": {
                "type": "boolean",
                "description": ""
              },
              "externalBookingId": {
                "type": "string",
                "example": "1233",
                "description": "Id of Booking  generated in ORS"
              },
              "productId": {
                "type": "integer",
                "description": "Id of product chosen by the test taker as per LPR data",
                "example": 1234
              },
              "productName": {
                "type": "string",
                "description": "Name of the Parent Test Event Level Product",
                "example": "CD IELTS"
              },
              "module": {
                "type": "string",
                "enum": [
                  "AC",
                  "GT"
                ],
                "example": "AC",
                "description": "Module of the product Either Academic or General"
              },
              "locationId": {
                "type": "integer",
                "description": "ID of the location as per LPR data.(Master data owner-CMDS)",
                "example": 202
              },
              "testDate": {
                "type": "string",
                "format": "date-time",
                "description": "Date of the Test (YYYYMMDD)"
              },
              "testCentreId": {
                "type": "string",
                "description": "Id of the Test Centre",
                "example": "AU241"
              },
              "score": {
                "type": "integer",
                "format": "float",
                "example": 7
              }
            }
          },
          "bookingLines": {
            "type": "array",
            "items": {
              "type": "object",
              "properties": {
                "bookingLineId": {
                  "type": "string",
                  "example": "1233",
                  "description": "Unique id of the Bookingline generated by CMDS"
                },
                "externalBookingLineId": {
                  "type": "string",
                  "example": "1233",
                  "description": "Id of Booking line generated in ORS"
                },
                "startTimeUTC": {
                  "type": "string",
                  "format": "date-time",
                  "description": "starting time of the specific child component of the test for the candidate in UTC"
                },
                "startTimeLocal": {
                  "type": "string",
                  "format": "date-time",
                  "description": "starting time of the specific child component of the test for the candidate in Local time zone"
                },
                "endTimeUTC": {
                  "type": "string",
                  "format": "date-time",
                  "description": "End time of the specific child component of the test for the candidate in UTC"
                },
                "endTimeLocal": {
                  "type": "string",
                  "format": "date-time",
                  "description": "End time of the specific child component of the test for the candidate in Local time zone"
                },
                "extraTimeMinutes": {
                  "type": "integer",
                  "description": "Extra time in minutes required by the test taker",
                  "example": 15
                },
                "productId": {
                  "type": "integer",
                  "description": "Id of the IELTS product Booking line",
                  "example": 123456
                },
                "productName": {
                  "type": "string",
                  "description": "Name of the product booking line",
                  "example": "CD-IELTS-GT-R"
                },
                "productComponentCode": {
                  "type": "string",
                  "example": "1234",
                  "description": "Used in the TRF creation"
                },
                "locationId": {
                  "type": "string",
                  "description": "Id of the location at which the test was taken as per LPR data",
                  "example": "AU241-3"
                },
                "isExempt": {
                  "type": "boolean",
                  "description": "if test taker is exempted from the booking line of the Product Id",
                  "example": false
                },
                "score": {
                  "type": "integer",
                  "format": "float",
                  "description": "score of test taker in booking line",
                  "example": false
                }
              }
            }
          }
        }
      },
      "ResultStatusUpdateRecord": {
        "title": "ResultStatusUpdateRecord",
        "type": "object",
        "properties": {
          "trfLastGeneratedDateTimeUTC": {
            "type": "string",
            "description": "Date and time at which latest TRF was generated",
            "format": "date-time",
            "example": "2020-01-01T00:00:00Z"
          },
          "resultInTransitDateTimeUTC": {
            "type": "string",
            "description": "Date and time when result moved from Result Management to Result Delivery. It remains till the results are passed in to Result Management.",
            "format": "date-time",
            "example": "2020-01-01T00:00:00Z"
          },
          "locationId": {
            "type": "integer",
            "example": 21339,
            "description": "Id of the Location at which test was taken"
          },
          "sitting": {
            "type": "integer",
            "description": "Sitting Number of Test taker. This field is required only for PB.",
            "example": 1
          },
          "testDate": {
            "type": "string",
            "description": "date at which the test was conducted",
            "format": "date",
            "example": "2020-01-01"
          },
          "resultsStatusChangeDateTimeUTC": {
            "type": "string",
            "description": "date and time at which the result status is changed",
            "format": "date-time",
            "example": "2020-01-01T00:00:00Z"
          },
          "resultStatusDetail": {
            "type": "string",
            "description": "Detailed description of the result status",
            "example": ""
          },
          "resultStatusSummary": {
            "type": "string",
            "example": "Withheld",
            "description": "Status of the test taker results"
          },
          "compositeCandidateNumber": {
            "type": "string",
            "description": "TestCentreId|UK FINANCIAL YEAR YY FORMAT|shortCandidateNumber|",
            "example": "AU24020123456"
          },
          "testCentreId": {
            "type": "string",
            "description": "Id of the test centre chosen by the Test taker",
            "example": "AU232"
          },
          "sessionId": {
            "type": "integer",
            "example": 12345,
            "description": "Id of the session ( Only for PB )"
          },
          "testFormat": {
            "type": "string",
            "enum": [
              "CB",
              "PB"
            ],
            "example": "CB"
          },
          "productId": {
            "type": "integer",
            "description": "Id of product chosen by the test taker",
            "example": 1234
          },
          "bookingId": {
            "type": "integer",
            "description": "Id of the booking as per CMDS",
            "example": 123
          },
          "externalBookingId": {
            "type": "string",
            "description": "Booking Id as per ORS system",
            "example": 123123
          },
          "eventDescription": {
            "type": "string",
            "description": "description of the event",
            "example": "none"
          },
          "testTakerId": {
            "type": "integer",
            "description": "Id of the test taker as per CMDS - NULLABLE",
            "example": 123
          },
          "recordId": {
            "type": "string",
            "description": "Id of the Test Report Form record",
            "format": "uuid",
            "example": "3a2b7a1316174214a5de0311c24c972b"
          }
        },
        "required": [
          "locationId",
          "testDate",
          "compositeCandidateNumber",
          "testCentreId",
          "productId",
          "bookingId",
          "externalBookingId",
          "recordId"
        ]
      }
    }
  }
}