{
  "openapi": "3.0.0",
  "info": {
    "description": "This swagger documentation describes addition and updation of Test Taker details from CMDS to ORS. ORS needs to exposed an API that is fully compliant with this specification",
    "version": "1.0",
    "title": "ORS",
    "license": {
      "name": "Private"
    }
  },
  "paths": {
    "/booking": {
      "post": {
        "tags": [
          "Registration"
        ],
        "summary": "Receives response for Booking Creation/Update from CMDS",
        "description": "INT-38 Receives response for Booking Creation/Update from CMDS",
        "requestBody": {
          "content": {
            "application/json": {
              "schema": {
                "$ref": "#/components/schemas/TestTakerResponse"
              }
            }
          },
          "description": "Response from CMDS for the Booking Creation or Update request",
          "required": true
        },
        "responses": {
          "202": {
            "description": "Accepted"
          },
          "400": {
            "description": "Invalid request"
          },
          "401": {
            "description": "Unauthorized"
          },
          "403": {
            "description": "Forbidden"
          }
        }
      }
    },
    "/booking/update": {
      "post": {
        "tags": [
          "Registration"
        ],
        "summary": "Response as a result of updated booking request",
        "description": "INT-38 Entries",
        "requestBody": {
          "required": true,
          "content": {
            "application/json": {
              "schema": {
                "$ref": "#/components/schemas/TestTakerResponse"
              }
            }
          }
        },
        "responses": {
          "202": {
            "description": "Accepted"
          },
          "400": {
            "description": "Invalid input"
          },
          "401": {
            "description": "Unauthorized"
          },
          "403": {
            "description": "Forbidden"
          }
        }
      }
    },
    "/bookingline/update": {
      "post": {
        "tags": [
          "Registration"
        ],
        "summary": "Response as a result of updated bookingline request",
        "description": "INT-38 Entries",
        "requestBody": {
          "content": {
            "application/json": {
              "schema": {
                "$ref": "#/components/schemas/TestTakerResponse"
              }
            }
          },
          "required": true
        },
        "responses": {
          "202": {
            "description": "Accepted"
          },
          "400": {
            "description": "Invalid input"
          },
          "401": {
            "description": "Unauthorized"
          },
          "403": {
            "description": "Forbidden"
          },
          "404": {
            "description": "Not Found"
          }
        }
      }
    },
    "/healthcheck": {
      "get": {
        "summary": "Runs a healthcheck to see if the service is up",
        "responses": {
          "200": {
            "description": "OK"
          },
          "401": {
            "description": "Unauthorized"
          }
        },
        "tags": [
          "Utilities"
        ],
        "description": "It is used to determine if API is live and if the authentication works fine"
      }
    },
    "/lpr/location/interim": {
      "post": {
        "tags": [
          "LPR-Location"
        ],
        "summary": "interim response after LocationIds are created",
        "description": "INT-61 - Receives interim async response with the assigned locationIds",
        "requestBody": {
          "content": {
            "application/json": {
              "schema": {
                "type": "array",
                "items": {
                  "type": "object",
                  "properties": {
                    "locationId": {
                      "type": "number",
                      "description": "Id of the Location assigned by CMDS",
                      "example": 79817239
                    },
                    "externalLocationId": {
                      "type": "number",
                      "description": "Id of the Locations assigned by ORS",
                      "example": 798
                    }
                  },
                  "required": [
                    "locationId"
                  ]
                }
              }
            }
          },
          "description": "Locations Request from ORS",
          "required": true
        },
        "responses": {
          "202": {
            "description": "Accepted"
          },
          "400": {
            "description": "Invalid input"
          },
          "401": {
            "description": "Unauthorized"
          },
          "403": {
            "description": "Forbidden"
          }
        }
      }
    },
    "/lpr/location": {
      "post": {
        "tags": [
          "LPR-Location"
        ],
        "summary": "Creates and Requests approval for location hierarchy",
        "description": "INT-61 - Receives async response with the assigned locationIds and eventually approval status for the Location Hierarchy",
        "requestBody": {
          "content": {
            "application/json": {
              "schema": {
                "type": "array",
                "items": {
                  "type": "object",
                  "properties": {
                    "locationId": {
                      "type": "number",
                      "description": "Id of the Location assigned by CMDS",
                      "example": 79817239
                    },
                    "testCentreId": {
                      "type": "string",
                      "description": "Id of the Test Centre",
                      "example": "AU241"
                    },
                    "locationType": {
                      "type": "string",
                      "description": "Specifies the type of Location",
                      "example": "Test Centre",
                      "enum": [
                        "Test Centre",
                        "Virtual Building",
                        "Building",
                        "Room"
                      ]
                    },
                    "locationName": {
                      "type": "string",
                      "description": "Name of the Location",
                      "example": "IDP Melbourne"
                    },
                    "externalReferenceId": {
                      "type": "string",
                      "description": "External Reference Id of the Location in the Partner System",
                      "example": "342342"
                    },
                    "parentExternalReferenceId": {
                      "type": "string",
                      "description": "External Reference Id of the Parent Location",
                      "example": "34234234"
                    },
                    "parentLocationId": {
                      "type": "number",
                      "description": " For locations of type ‘Test Centre’, the locationId of the parent country;  For buildings, the locationId of the parent centre; For rooms, the locationId of the parent building."
                    },
                    "action": {
                      "type": "string",
                      "description": "Action to be performed on the Location node",
                      "enum": [
                        "CHG",
                        "ADD",
                        "DLT"
                      ]
                    },
                    "requestorNotes": {
                      "type": "string",
                      "description": "Additional notes entered by the Requestor"
                    },
                    "approverNotes": {
                      "type": "string",
                      "description": "Additional notes specified by the Approver"
                    },
                    "addresses": {
                      "type": "array",
                      "description": "List of various addresses of Location",
                      "items": {
                        "type": "object",
                        "properties": {
                          "addressType": {
                            "type": "string",
                            "enum": [
                              "Postal",
                              "Street"
                            ],
                            "description": "Category of the address",
                            "example": "Postal"
                          },
                          "address1Line": {
                            "type": "string",
                            "description": "First line of the address",
                            "example": "GPO BOX 1515"
                          },
                          "address2Line": {
                            "type": "string",
                            "description": "Second line of the address",
                            "example": ""
                          },
                          "address3Line": {
                            "type": "string",
                            "description": "Third line of the address",
                            "example": ""
                          },
                          "address4Line": {
                            "type": "string",
                            "description": "Forth line of the address",
                            "example": ""
                          },
                          "city": {
                            "type": "string",
                            "description": "Name of the City",
                            "example": "Melbourne"
                          },
                          "stateProvince": {
                            "type": "string",
                            "description": "Name of the City or Province",
                            "example": "VIC"
                          },
                          "postalCode": {
                            "type": "string",
                            "description": "postcode or zipcode of the address",
                            "example": "3000"
                          },
                          "countryCode": {
                            "type": "string",
                            "description": "ISO3 Code of the Country",
                            "example": "AUS"
                          },
                          "action": {
                            "type": "string",
                            "enum": [
                              "CHG",
                              "ADD",
                              "DLT"
                            ],
                            "description": "Actions on the hierarchy",
                            "example": "CHG"
                          }
                        }
                      }
                    },
                    "contacts": {
                      "type": "array",
                      "description": "List of people who can be contacted by the IELTS operation for location communication",
                      "items": {
                        "type": "object",
                        "properties": {
                          "contactType": {
                            "type": "string",
                            "enum": [
                              "Test Centre Administrator",
                              "Test Centre IT Support"
                            ],
                            "example": "Test Centre Administrator"
                          },
                          "firstName": {
                            "type": "string",
                            "description": "first name of the contact person",
                            "example": "Alan"
                          },
                          "lastName": {
                            "type": "string",
                            "description": "last name of the contact person",
                            "example": "Davies"
                          },
                          "telephone": {
                            "type": "string",
                            "description": "telephone number of the contact person",
                            "example": "6128288282"
                          },
                          "email": {
                            "type": "string",
                            "description": "email Id of the contact person",
                            "example": "SupportAu241@idp.com"
                          },
                          "action": {
                            "type": "string",
                            "description": "Actions on the contact",
                            "enum": [
                              "CHG",
                              "ADD",
                              "DLT"
                            ],
                            "example": "CHG"
                          }
                        }
                      }
                    },
                    "approvedProducts": {
                      "type": "array",
                      "description": "List of products for which the location is eligible to conduct tests",
                      "items": {
                        "type": "object",
                        "properties": {
                          "productId": {
                            "description": "Name of the approved product",
                            "example": 1234567,
                            "type": "number"
                          },
                          "authorisedStartDate": {
                            "type": "string",
                            "description": "Start Date from which the product is authorised (YYYY-MM-DD)",
                            "format": "date",
                            "example": "2020-06-01"
                          },
                          "suspendedDate": {
                            "type": "string",
                            "description": "Date from which the product is suspended",
                            "format": "date",
                            "example": "2020-06-01"
                          },
                          "authorisedBy": {
                            "type": "string",
                            "description": "Id of the staff who has the authorised the product",
                            "example": "pmitchel@ielts.com"
                          },
                          "action": {
                            "type": "string",
                            "enum": [
                              "CHG",
                              "ADD",
                              "DLT",
                              null
                            ],
                            "description": "Actions that are made on the Hierarchy",
                            "example": "CHG"
                          }
                        },
                        "required": [
                          "productId"
                        ]
                      }
                    },
                    "verificationStatus": {
                      "type": "string",
                      "default": "Unverified",
                      "enum": [
                        "Unverified",
                        "Verified"
                      ]
                    }
                  },
                  "required": [
                    "locationId",
                    "locationName",
                    "externalReferenceId",
                    "parentExternalReferenceId",
                    "verificationStatus"
                  ]
                }
              }
            }
          },
          "description": "Locations Request from ORS",
          "required": true
        },
        "responses": {
          "202": {
            "description": "Accepted"
          },
          "400": {
            "description": "Invalid input"
          },
          "401": {
            "description": "Unauthorized"
          },
          "403": {
            "description": "Forbidden"
          }
        }
      }
    },
    "/lpr/product": {
      "post": {
        "tags": [
          "LPR-Product"
        ],
        "summary": "Sends the Product Hierarchy",
        "requestBody": {
          "content": {
            "application/json": {
              "schema": {
                "type": "array",
                "items": {
                  "type": "object",
                  "description": "Definition of the Product",
                  "x-examples": {},
                  "title": "",
                  "properties": {
                    "productId": {
                      "description": "Id of the Product (CMDS assigned)",
                      "example": 12345679,
                      "type": "number"
                    },
                    "legacyProductId": {
                      "type": "string",
                      "description": "Legacy Id of the Product",
                      "example": "123"
                    },
                    "parentProductId": {
                      "type": "number",
                      "description": "Id of the Parent Product",
                      "example": 1234
                    },
                    "productName": {
                      "type": "string",
                      "description": "Name of the Product",
                      "example": "PB IELTS"
                    },
                    "module": {
                      "type": "string",
                      "enum": [
                        "AC",
                        "GT"
                      ],
                      "description": "Test model associated with product << Need to validate description >>"
                    },
                    "isBookable": {
                      "type": "boolean",
                      "description": "If the product is bookable for the Test. ",
                      "example": false
                    },
                    "durationMin": {
                      "type": "string",
                      "description": "Duration of the Test for the specific product",
                      "example": "120"
                    },
                    "format": {
                      "type": "string",
                      "enum": [
                        "CD",
                        "PB"
                      ],
                      "description": "Category of the Product Computer Delivered or Paper Based",
                      "example": "CD"
                    },
                    "isLocationApprovalRequired": {
                      "type": "boolean",
                      "enum": [
                        true,
                        false,
                        null
                      ],
                      "description": "if the approval required for the location to conduct the test of the product"
                    },
                    "availableFromDate": {
                      "type": "string",
                      "format": "date",
                      "description": "Start date of the availability of the Product \"YYYY-MM-DD\""
                    },
                    "availableToDate": {
                      "type": "string",
                      "format": "date",
                      "description": "End date of the availability of the Product \"YYYY-MM-DD\""
                    }
                  },
                  "required": [
                    "productId",
                    "productName"
                  ]
                }
              }
            }
          }
        },
        "responses": {
          "202": {
            "description": "Accepted"
          },
          "400": {
            "description": "Bad Request"
          },
          "401": {
            "description": "Unauthorized"
          },
          "403": {
            "description": "Forbidden"
          }
        },
        "description": "INT-60 - Receives products hierarchy change notification so that ORS can update it's own cache"
      }
    },
    "/lpr/reference": {
      "post": {
        "tags": [
          "LPR-reference"
        ],
        "requestBody": {
          "content": {
            "application/json": {
              "schema": {
                "type": "array",
                "items": {
                  "type": "object",
                  "properties": {
                    "language": {
                      "type": "array",
                      "description": "Reference details of the Language",
                      "items": {
                        "$ref": "#/components/schemas/GenericIsoReferenceRecord"
                      }
                    },
                    "country": {
                      "type": "array",
                      "description": "Reference details of the Country",
                      "items": {
                        "$ref": "#/components/schemas/GenericIsoReferenceRecord"
                      }
                    },
                    "nationality": {
                      "type": "array",
                      "description": "Reference details of the Nationality",
                      "items": {
                        "$ref": "#/components/schemas/GenericIsoReferenceRecord"
                      }
                    },
                    "educationLevel": {
                      "type": "array",
                      "description": "Reference details of the Education level",
                      "items": {
                        "$ref": "#/components/schemas/GenericReferenceRecord"
                      }
                    },
                    "occupationSector": {
                      "type": "array",
                      "description": "Reference details of the Occupation Sector",
                      "items": {
                        "$ref": "#/components/schemas/GenericReferenceRecord"
                      }
                    },
                    "occupationLevel": {
                      "type": "array",
                      "description": "Reference details of the Occupation level",
                      "items": {
                        "$ref": "#/components/schemas/GenericReferenceRecord"
                      }
                    },
                    "reasonForTest": {
                      "type": "array",
                      "description": "Reference details of the Reason for test",
                      "items": {
                        "$ref": "#/components/schemas/GenericReferenceRecord"
                      }
                    },
                    "identityType": {
                      "type": "array",
                      "description": "Reference details of the identity type",
                      "items": {
                        "$ref": "#/components/schemas/GenericReferenceRecord"
                      }
                    }
                  }
                }
              }
            }
          }
        },
        "responses": {
          "202": {
            "description": "Accepted"
          },
          "400": {
            "description": "Bad Request"
          },
          "401": {
            "description": "Unauthorized"
          },
          "403": {
            "description": "Forbidden"
          }
        },
        "description": "INT-59 - Receives production hierarchy change notification so that receiving system can update it's own cache. It can be splitted into multiple requests to avoid sending one gigantic request"
      }
    },
    "/eor": {
      "post": {
        "summary": "Receive EOR response from CMDS",
        "operationId": "",
        "description": "INT-82 - Response to ORS after EOR is processed by the CMDS",
        "responses": {
          "202": {
            "description": "Accepted"
          },
          "400": {
            "description": "Bad Request"
          },
          "401": {
            "description": "Unauthorized"
          },
          "403": {
            "description": "Forbidden"
          }
        },
        "requestBody": {
          "content": {
            "application/json": {
              "schema": {
                "type": "object",
                "properties": {
                  "externalEorId": {
                    "type": "number",
                    "description": "Identifier assigned by ORS system",
                    "example": 123
                  },
                  "eorId": {
                    "type": "number",
                    "description": "Id of the EOR assigned by CMDS",
                    "example": 3342332
                  },
                  "bookingLines": {
                    "type": "array",
                    "description": "Array of BookingLine Ids",
                    "example": [
                      12345,
                      23456
                    ],
                    "items": {
                      "type": "integer",
                      "description": "Id of Booking line as per CMDS",
                      "example": 1234
                    }
                  }
                }
              }
            }
          }
        },
        "tags": [
          "EOR"
        ]
      }
    },
    "/eor/outcome": {
      "post": {
        "summary": "Receives EOR Outcome from CMDS",
        "operationId": "",
        "responses": {
          "202": {
            "description": "Accepted"
          },
          "400": {
            "description": "Bad Request"
          },
          "401": {
            "description": "Unauthorized"
          },
          "403": {
            "description": "Forbidden"
          }
        },
        "description": "INT-80 - Receives the EOR outcome from CMDS",
        "tags": [
          "EOR"
        ],
        "requestBody": {
          "content": {
            "application/json": {
              "schema": {
                "type": "object",
                "required": [
                  "eorId",
                  "bookingId",
                  "isResultsChanged"
                ],
                "properties": {
                  "eorId": {
                    "description": "EOR Id assigned by CMDS",
                    "type": "integer",
                    "format": "int64",
                    "example": 1234
                  },
                  "externalEorId": {
                    "description": "EOR Id assigned by ORS",
                    "type": "integer",
                    "format": "int64",
                    "example": 12365
                  },
                  "eorOutcomeDateTime": {
                    "type": "string",
                    "description": "DateTime (in UTC) when outcome was published",
                    "format": "date-time",
                    "example": "2020-01-01T00:00:00Z"
                  },
                  "isResultsChanged": {
                    "type": "boolean",
                    "description": "To check if the results are changed after EOR is raised"
                  },
                  "bookingId": {
                    "type": "integer",
                    "description": "Id of the booking as per CMDS",
                    "example": "012"
                  },
                  "originalOverallScore": {
                    "type": "string",
                    "description": "Overall Score that was before the EOR was requested",
                    "example": "6.0"
                  },
                  "eorOverallScore": {
                    "type": "string",
                    "description": "The new Overall Score after EOR outcome is applied",
                    "example": "6.5"
                  },
                  "details": {
                    "type": "array",
                    "items": {
                      "$ref": "#/components/schemas/BookingLineScore"
                    }
                  }
                }
              },
              "examples": {
                "Sample": {
                  "value": {
                    "eorId": 1234,
                    "eorOutcomeDateTime": "2020-01-01T00:00:00Z",
                    "isResultsChanged": true,
                    "bookingId": 1234,
                    "originalOverallScore": "5.0",
                    "eorOverallScore": "6.0",
                    "details": [
                      {
                        "bookingLineId": 12345,
                        "originalScore": "5.0",
                        "eorScore": "6.5"
                      },
                      {
                        "bookingLineId": 23456,
                        "originalScore": "5.5",
                        "eorScore": "6.0"
                      }
                    ]
                  }
                }
              }
            }
          }
        }
      }
    },
    "/error": {
      "post": {
        "summary": "Send Error message",
        "operationId": "",
        "responses": {
          "202": {
            "description": "Accepted"
          }
        },
        "description": "Sends an Error message to the ORS system",
        "requestBody": {
          "content": {
            "application/json": {
              "schema": {
                "$ref": "#/components/schemas/ErrorRequest"
              },
              "examples": {
                "ErrorRequest": {
                  "value": {
                    "errorList": [
                      {
                        "interface": "CreateBooking",
                        "type": "processing",
                        "code": "1234",
                        "ticketId": "5c22b7c2091955c7926172f00a480b33",
                        "source": {
                          "pointer": "productId",
                          "model": "RegistrationDetails"
                        },
                        "detail": "A required field was provided without any value",
                        "title": "Mandatory field missing data"
                      }
                    ]
                  }
                }
              }
            }
          }
        },
        "tags": [
          "Utilities"
        ]
      }
    },
    "/ro-selection": {
      "post": {
        "summary": "Delivery Status Updates",
        "operationId": "",
        "responses": {
          "202": {
            "description": "Accepted"
          }
        },
        "description": "INT-72 Receives notification about change in the delivery status. It will also be used when CMDS will assign roSelectionId to the RO Selection",
        "requestBody": {
          "content": {
            "application/json": {
              "schema": {
                "type": "object",
                "properties": {
                  "deliveryStatusUpdates": {
                    "type": "array",
                    "items": {
                      "$ref": "#/components/schemas/RoSelectionUpdate"
                    }
                  }
                }
              }
            }
          }
        },
        "tags": [
          "ROs"
        ]
      }
    },
    "/ro/interim": {
      "post": {
        "summary": "Receives roId from CMDS as an interim response",
        "operationId": "",
        "responses": {
          "202": {
            "description": "Accepted"
          },
          "400": {
            "description": "Bad Request"
          },
          "401": {
            "description": "Unauthorized"
          },
          "403": {
            "description": "Forbidden"
          }
        },
        "description": "INT-73 - Receives roIds from CMDS once they are created. ",
        "requestBody": {
          "content": {
            "application/json": {
              "schema": {
                "type": "object",
                "properties": {
                  "roId": {
                    "description": "RoId assigned by CMDS",
                    "type": "number",
                    "example": "012"
                  },
                  "externalRoId": {
                    "type": "string",
                    "description": "RoId in the ORS system",
                    "example": "012"
                  }
                },
                "required": [
                  "roId",
                  "externalRoId"
                ]
              }
            }
          }
        },
        "tags": [
          "ROs"
        ]
      }
    },
    "/ro": {
      "post": {
        "summary": "Receives roId and verificationStatus from CMDS",
        "operationId": "",
        "responses": {
          "202": {
            "description": "Accepted"
          },
          "400": {
            "description": "Bad Request"
          },
          "401": {
            "description": "Unauthorized"
          },
          "403": {
            "description": "Forbidden"
          }
        },
        "description": "INT-73 - Receives back from CMDS assigned ID. It can also receive rejected versification status.",
        "requestBody": {
          "content": {
            "application/json": {
              "schema": {
                "type": "object",
                "properties": {
                  "roId": {
                    "description": "RoId assigned by CMDS",
                    "type": "number",
                    "example": "012"
                  },
                  "externalRoId": {
                    "type": "string",
                    "description": "RoId in the ORS system",
                    "example": "012"
                  },
                  "verificationStatus": {
                    "type": "string",
                    "enum": [
                      "Unverified",
                      "Rejected",
                      "Verified"
                    ]
                  }
                },
                "required": [
                  "roId",
                  "externalRoId",
                  "verificationStatus"
                ]
              }
            }
          }
        },
        "tags": [
          "ROs"
        ]
      }
    },
    "/ro/{roId}": {
      "parameters": [
        {
          "schema": {
            "type": "string"
          },
          "name": "roId",
          "in": "path",
          "required": true
        }
      ],
      "put": {
        "summary": "Receives RO verification status and RO details from CMDS",
        "operationId": "",
        "responses": {
          "202": {
            "description": "Accepted"
          },
          "400": {
            "description": "Bad Request",
            "content": {
              "application/json": {
                "schema": {
                  "$ref": "#/components/schemas/ErrorRequest"
                }
              }
            }
          },
          "401": {
            "description": "Unauthorized"
          },
          "403": {
            "description": "Forbidden"
          },
          "404": {
            "description": "Not Found"
          }
        },
        "description": "INT-74 Receives RO verification status from CMDS along with full RO details. ORS may receive RO which is totally new from the ORS perspective",
        "requestBody": {
          "content": {
            "application/json": {
              "schema": {
                "type": "object",
                "properties": {
                  "recognizedOrganization": {
                    "$ref": "#/components/schemas/verifiedRODetails"
                  }
                },
                "required": [
                  "roId"
                ]
              }
            }
          }
        },
        "tags": [
          "ROs"
        ]
      }
    },
    "/release-statuses": {
      "post": {
        "summary": "Results Status Update",
        "operationId": "post-release-status-update",
        "responses": {
          "202": {
            "description": "Accepted"
          },
          "400": {
            "description": "Bad Request"
          },
          "401": {
            "description": "Unauthorized"
          },
          "403": {
            "description": "Forbidden"
          }
        },
        "requestBody": {
          "content": {
            "application/json": {
              "schema": {
                "type": "array",
                "items": {
                  "$ref": "#/components/schemas/ResultStatusUpdateRecord"
                }
              }
            }
          }
        },
        "description": "INT-77 Result Management sends the result status updates to ORS"
      },
      "parameters": []
    }
  },
  "servers": [
    {
      "url": "https://orsapi-mock.ielts.website",
      "description": "BC ORS Mock"
    },
    {
      "url": "https://cmds.api.tst.ielts.idp.com",
      "description": "IDP ORS Mock"
    }
  ],
  "components": {
    "schemas": {
      "TestTakerResponse": {
        "type": "object",
        "properties": {
          "bookingId": {
            "type": "string",
            "description": "Unique id generated for booking in CMDS",
            "example": "1234"
          },
          "externalBookingId": {
            "type": "string",
            "description": "Unique id generated for booking in ORS",
            "example": "123"
          },
          "isVoid": {
            "type": "boolean",
            "example": false
          },
          "testTaker": {
            "type": "object",
            "properties": {
              "externalTestTakerId": {
                "type": "string",
                "description": "Id of the Test taker (Master data owner - ORS)",
                "example": "123"
              },
              "testTakerId": {
                "type": "string",
                "description": "Id of the Test taker (Master data owner - CMDS)",
                "example": "123123"
              },
              "shortCandidateNumber": {
                "type": "string",
                "description": "6 digit test taker number"
              },
              "compositeCandidateNumber": {
                "type": "string",
                "description": "<<TestCentreId>><<UK FINANCIAL YEAR YY FORMAT>><<shortCandidateNumber>>",
                "example": "AU24020123456"
              },
              "isBanned": {
                "type": "boolean",
                "example": false,
                "description": "Check if the test taker is banned"
              },
              "ukviEReferenceId": {
                "type": "string",
                "example": "0987654",
                "description": "Id of the Test taker as per the UKVI"
              }
            }
          },
          "bookingLines": {
            "type": "array",
            "items": {
              "$ref": "#/components/schemas/BookingLineResponse"
            }
          }
        },
        "required": [
          "externalBookingId",
          "bookingId"
        ]
      },
      "BookingLineResponse": {
        "type": "object",
        "properties": {
          "bookingLineId": {
            "type": "string",
            "example": "1233",
            "description": "Unique id of the Bookingline generated by CMDS"
          },
          "externalBookingLineId": {
            "type": "string",
            "example": "1233",
            "description": "Id of Booking line generated in ORS"
          },
          "startTimeUTC": {
            "type": "string",
            "format": "date-time",
            "description": "starting time of the specific child component of the test for the candidate in UTC"
          },
          "startTimeLocal": {
            "type": "string",
            "format": "date-time",
            "description": "starting time of the specific child component of the test for the candidate in Local time zone"
          },
          "endTimeUTC": {
            "type": "string",
            "format": "date-time",
            "description": "End time of the specific child component of the test for the candidate in UTC"
          },
          "endTimeLocal": {
            "type": "string",
            "format": "date-time",
            "description": "End time of the specific child component of the test for the candidate in Local time zone"
          },
          "extraTimeMinutes": {
            "type": "integer",
            "description": "Extra time in minutes required by the test taker",
            "example": 15
          },
          "productId": {
            "type": "string",
            "description": "Id of the product",
            "example": "CD-IELTS-GT-R"
          },
          "locationId": {
            "type": "string",
            "description": "Id of the location",
            "example": "AU241-3"
          },
          "isExempt": {
            "type": "boolean",
            "description": "if test taker is exempted from the booking line of the Product Id",
            "example": false
          }
        }
      },
      "BookingLineScore": {
        "title": "BookingLineScore",
        "type": "object",
        "x-examples": {
          "Sample": {
            "bookingLineId": 12345,
            "originalScore": "5.0",
            "eorScore": "6.5"
          }
        },
        "properties": {
          "bookingLineId": {
            "type": "integer"
          },
          "originalScore": {
            "type": "string",
            "description": "Original Score of the Component before the EOR"
          },
          "eorScore": {
            "type": "string",
            "description": "Score of the Component after applying EOR"
          }
        }
      },
      "ErrorRequest": {
        "title": "ErrorRequest",
        "type": "object",
        "description": "Data model of the ErrorResponse. It can be both sync and async",
        "x-examples": {
          "Error Response": {
            "errorList": [
              {
                "interface": "CreateBooking",
                "type": "validation",
                "code": "1234",
                "ticketId": "5c22b7c2091955c7926172f00a480b81",
                "source": {
                  "pointer": "productId",
                  "model": "RegistrationDetails"
                },
                "detail": "A required field was provided without any value",
                "title": "Mandatory field missing data"
              }
            ]
          }
        },
        "properties": {
          "errorList": {
            "type": "array",
            "items": {
              "type": "object",
              "properties": {
                "interface": {
                  "type": "string",
                  "description": "Name of the interface that raised the Error. It's mostly name of the Service"
                },
                "type": {
                  "type": "string",
                  "description": "Type of the error. Possible values: validation, processing, system, other...",
                  "enum": [
                    "Validation",
                    "Processing",
                    "System",
                    "Other"
                  ]
                },
                "code": {
                  "type": "string",
                  "description": "The code identifying the error. Need to have an agreed list of error codes. Optional."
                },
                "ticketId": {
                  "type": "string",
                  "description": "TicketId assigned by some ticketing system. It may be empty when it's a sync validation response.",
                  "example": "e1d65cfc067e5b8b917dae62fdd47a55"
                },
                "source": {
                  "type": "object",
                  "description": "Dynamic data object that can point out where was the problem in the request. If there is more fields that can be used to identify issue, then they can be added here freely",
                  "properties": {
                    "pointer": {
                      "type": "string",
                      "description": "Name of the problematic field. It should also point field even inside bigger structures (i.e. objA.fields[0].field)"
                    },
                    "model": {
                      "type": "string",
                      "description": "Explains which Data Model was used to validate particular data request"
                    }
                  }
                },
                "details": {
                  "type": "string",
                  "description": ""
                },
                "title": {
                  "type": "string"
                }
              },
              "required": [
                "interface",
                "type",
                "details",
                "title"
              ]
            }
          }
        }
      },
      "RoSelectionUpdate": {
        "title": "RoSelectionUpdate",
        "type": "object",
        "description": "",
        "properties": {
          "roSelectionId": {
            "type": "number",
            "description": "Id of Ro Selection assigned by CMDS",
            "example": 2322
          },
          "externalRoSelectionId": {
            "type": "string",
            "description": "Id of the Ro Selection assigned by ORS",
            "example": 3432432
          },
          "roId": {
            "type": "number",
            "description": "Id of Recognized Organization",
            "example": 34
          },
          "deliveryStatus": {
            "type": "string",
            "default": "Undelivered",
            "enum": [
              "Undelivered",
              "Delivered"
            ],
            "description": "Status of the Delivery"
          },
          "statusChangeDateTime": {
            "type": "string",
            "format": "date-time",
            "example": "2020-01-01T00:00:00Z",
            "description": "Date Time (in UTC) when Delivery Status changed"
          },
          "selectionDateTime": {
            "type": "string",
            "format": "date-time",
            "example": "2020-01-01T00:00:00Z",
            "description": "Date Time (in UTC) when Selection was made"
          }
        },
        "required": [
          "roSelectionId",
          "externalRoSelectionId",
          "deliveryStatus"
        ]
      },
      "GenericReferenceRecord": {
        "title": "GenericReferenceRecord",
        "type": "object",
        "properties": {
          "effectiveToDate": {
            "type": "string",
            "description": "The date till which the data is effective in YYYY-MM-DD format",
            "format": "date",
            "example": "2020-01-01"
          },
          "effectiveFromDate": {
            "type": "string",
            "description": "The date at which the data comes to effect in YYYY-MM-DD format",
            "format": "date",
            "example": "2020-01-01"
          },
          "referenceName": {
            "type": "string",
            "description": "Name of the reference record",
            "example": "Secondary up to 16 years"
          },
          "legacyReferenceId": {
            "type": "string",
            "description": "Legacy Id for the reference record used by the IWAS system",
            "example": "012"
          },
          "referenceId": {
            "description": "Id of the reference record",
            "example": 453452,
            "type": "number"
          }
        },
        "required": [
          "effectiveToDate",
          "effectiveFromDate",
          "referenceName",
          "referenceId"
        ]
      },
      "verifiedRODetails": {
        "type": "object",
        "required": [
          "name",
          "countryISO3code",
          "externalRoId",
          "addressLine1"
        ],
        "properties": {
          "name": {
            "type": "string",
            "description": "Name of Recognized Organization"
          },
          "countryISO3code": {
            "type": "string",
            "description": "ISO3Code of the country",
            "example": "AUS"
          },
          "externalRoId": {
            "type": "string",
            "description": "RoId in the ORS system",
            "example": "3423424"
          },
          "addressLine1": {
            "type": "string",
            "description": "First line of address - Mandatory",
            "example": "1, Kings Street"
          },
          "addressLine2": {
            "type": "string",
            "description": "Second line of address",
            "example": ""
          },
          "addressLine3": {
            "type": "string",
            "description": "Third line of address",
            "example": ""
          },
          "addressLine4": {
            "type": "string",
            "description": "Forth line of address",
            "example": ""
          },
          "town": {
            "type": "string",
            "description": "Town at which RO is located",
            "example": ""
          },
          "state": {
            "type": "string",
            "description": "State at which RO is located",
            "example": "VIC"
          },
          "postalCode": {
            "type": "string",
            "description": "State at which RO is located",
            "example": "AB1 XY2"
          },
          "localLanguageId": {
            "type": "string",
            "description": "ISO3Code of the Language",
            "example": "202"
          },
          "organizationCode": {
            "type": "string",
            "description": "Code that can be used to identify the organization",
            "example": "UCS123"
          },
          "websiteUrl": {
            "type": "string",
            "description": "Official website of the RO",
            "example": "http://www.officialxyz.com/"
          },
          "phoneNumber": {
            "type": "string",
            "description": "Official phone number of the RO",
            "example": "+11 2342 1232"
          },
          "contactEmail": {
            "type": "string",
            "example": "Contact email of the RO"
          },
          "recipient": {
            "type": "object",
            "required": [
              "name",
              "addressLine1"
            ],
            "description": "Details of the actual recipient that will receive TRF. Only name is meaningful. All fields are optional as well the recipient field itself",
            "properties": {
              "name": {
                "type": "string",
                "description": "Person\\'s or Department\\'s name",
                "example": "Alan Davis"
              },
              "title": {
                "type": "string",
                "description": "title of the person (Mr., Mrs., Dr.)",
                "example": "Mr."
              },
              "givenName": {
                "type": "string",
                "example": "Alan"
              },
              "lastName": {
                "type": "string",
                "example": "Davis"
              },
              "jobTitle": {
                "type": "string",
                "description": "Job title of the recipient user",
                "example": "Administrator"
              },
              "department": {
                "type": "string",
                "description": "Department of the recipient user"
              },
              "subDepartment": {
                "type": "string",
                "description": "Sub-Department of the recipient user"
              },
              "additionalInformation": {
                "type": "string",
                "description": "Additional information about recipient user (RO defined ReferenceCodes/ContactName/)"
              },
              "contactAddress": {
                "type": "string",
                "description": "Contact address of the recipient user"
              },
              "countryISO3code": {
                "type": "string",
                "description": "ISO3Code of the country of the recipient user",
                "example": "AUS"
              },
              "addressLine1": {
                "type": "string",
                "example": "1,Kings Street"
              },
              "addressLine2": {
                "type": "string",
                "example": ""
              },
              "addressLine3": {
                "type": "string",
                "example": ""
              },
              "addressLine4": {
                "type": "string",
                "example": ""
              },
              "addressLine5": {
                "type": "string",
                "example": ""
              },
              "addressLine6": {
                "type": "string",
                "example": ""
              },
              "town": {
                "type": "string",
                "example": ""
              },
              "state": {
                "type": "string",
                "example": "VIC"
              },
              "postalCode": {
                "type": "string",
                "example": "AB1 XY2"
              },
              "email": {
                "type": "string",
                "example": "alan@gmail.com"
              },
              "phoneNumber": {
                "type": "string",
                "example": "+1 234 234 3456"
              }
            }
          }
        }
      },
      "GenericIsoReferenceRecord": {
        "title": "GenericIsoReferenceRecord",
        "type": "object",
        "properties": {
          "referenceId": {
            "description": "ISO3Code of the Reference record",
            "example": 453452,
            "type": "number"
          },
          "legacyReferenceId": {
            "type": "string",
            "description": "Legacy Id for the reference record used by the IWAS system",
            "example": "012"
          },
          "referenceName": {
            "type": "string",
            "description": "Name of the reference record",
            "example": "Secondary up to 16 years"
          },
          "effectiveFromDate": {
            "type": "string",
            "description": "The date at which the data comes to effect in YYYY-MM-DD format",
            "format": "date",
            "example": "2020-01-01"
          },
          "efectiveToDate": {
            "type": "string",
            "description": "The date till which the data is effective in YYYY-MM-DD format",
            "format": "date",
            "example": "2020-01-01"
          },
          "iso3Code": {
            "type": "string",
            "description": "ISO3 code of the reference record"
          }
        },
        "required": [
          "referenceId",
          "referenceName",
          "effectiveFromDate",
          "efectiveToDate"
        ]
      },
      "ResultStatusUpdateRecord": {
        "title": "ResultStatusUpdateRecord",
        "type": "object",
        "properties": {
          "trfLastGeneratedDateTimeUTC": {
            "type": "string",
            "description": "Date and time at which latest TRF was generated",
            "format": "date-time",
            "example": "2020-01-01T00:00:00Z"
          },
          "resultInTransitDateTimeUTC": {
            "type": "string",
            "description": "Date and time when result moved from Result Management to Result Delivery. It remains till the results are passed in to Result Management.",
            "format": "date-time",
            "example": "2020-01-01T00:00:00Z"
          },
          "locationId": {
            "type": "integer",
            "example": 21339,
            "description": "Id of the Location at which test was taken"
          },
          "sitting": {
            "type": "integer",
            "description": "Sitting Number of Test taker. This field is required only for PB.",
            "example": 1
          },
          "testDate": {
            "type": "string",
            "description": "date at which the test was conducted",
            "format": "date",
            "example": "2020-01-01"
          },
          "resultsStatusChangeDateTimeUTC": {
            "type": "string",
            "description": "date and time at which the result status is changed",
            "format": "date-time",
            "example": "2020-01-01T00:00:00Z"
          },
          "resultStatusDetail": {
            "type": "string",
            "description": "Detailed description of the result status",
            "example": ""
          },
          "resultStatusSummary": {
            "type": "string",
            "example": "Withheld",
            "description": "Status of the test taker results"
          },
          "compositeCandidateNumber": {
            "type": "string",
            "description": "TestCentreId|UK FINANCIAL YEAR YY FORMAT|shortCandidateNumber|",
            "example": "AU24020123456"
          },
          "testCentreId": {
            "type": "string",
            "description": "Id of the test centre chosen by the Test taker",
            "example": "AU232"
          },
          "sessionId": {
            "type": "integer",
            "example": 12345,
            "description": "Id of the session ( Only for PB )"
          },
          "testFormat": {
            "type": "string",
            "enum": [
              "CB",
              "PB"
            ],
            "example": "CB"
          },
          "productId": {
            "type": "integer",
            "description": "Id of product chosen by the test taker",
            "example": 1234
          },
          "bookingId": {
            "type": "integer",
            "description": "Id of the booking as per CMDS",
            "example": 123
          },
          "externalBookingId": {
            "type": "string",
            "description": "Booking Id as per ORS system",
            "example": 123123
          },
          "eventDescription": {
            "type": "string",
            "description": "description of the event",
            "example": "none"
          },
          "testTakerId": {
            "type": "integer",
            "description": "Id of the test taker as per CMDS - NULLABLE",
            "example": 123
          },
          "recordId": {
            "type": "string",
            "description": "Id of the Test Report Form record",
            "format": "uuid",
            "example": "3a2b7a1316174214a5de0311c24c972b"
          }
        },
        "required": [
          "locationId",
          "testDate",
          "compositeCandidateNumber",
          "testCentreId",
          "productId",
          "bookingId",
          "externalBookingId",
          "recordId"
        ]
      }
    },
    "securitySchemes": {
      "BCMockBearerToken": {
        "type": "http",
        "scheme": "bearer"
      }
    }
  },
  "security": [
    {
      "BCMockBearerToken": []
    }
  ]
}