{
	"openapi": "3.0.0",
	"info": {
		"title": "CMDS Internal",
		"version": "1.0",
		"description": "Swagger definitions for internal requests (between microservices within CMDS) and its data contracts.\nPartner systems shouldn't see these.",
		"license": {
			"name": "Private"
		}
	},
	"servers": [{
		"url": "https://CMDS-INTERNAL"
	}],
	"paths": {
		"/v1/location": {
			"post": {
				"tags": [
					"LPR-Location-Hierarchy"
				],
				"summary": "Request body of Location Hierarchy within CMDS System",
				"description": "INT-58 Location hierarchy",
				"requestBody": {
					"content": {
						"application/json": {
							"schema": {
								"$ref": "#/components/schemas/LPRLocationHierarchy"
							}
						}
					},
					"description": "Locations Request from LPR",
					"required": true
				},
				"responses": {
					"202": {
						"description": "Accepted",
						"content": {
							"application/json": {
								"schema": {
									"$ref": "#/components/schemas/ResponseWithTransactionID"
								}
							}
						}
					},
					"400": {
						"description": "Invalid request",
						"content": {
							"application/json": {
								"schema": {
									"$ref": "#/components/schemas/ErrorResponse"
								}
							}
						}
					},
					"401": {
						"description": "Unauthorized"
					},
					"403": {
						"description": "Forbidden"
					}
				}
			}
		},
		"/internal-testEvent": {
			"post": {
				"tags": [
					"Booking"
				],
				"summary": "The newly added test event is shared within cmds",
				"requestBody": {
					"content": {
						"application/json": {
							"schema": {
								"$ref": "#/components/schemas/testEvent"
							}
						}
					},
					"description": "Test Event creation event from booking",
					"required": true
				},
				"responses": {
					"202": {
						"description": "Accepted"
					},
					"400": {
						"description": "Invalid input"
					},
					"401": {
						"description": "Unauthorized"
					},
					"403": {
						"description": "Forbidden"
					}
				}
			}
		},
		"/internal-booking": {
			"post": {
				"tags": [
					"Booking"
				],
				"summary": "The Booking information publish to internal CMDS",
				"requestBody": {
					"content": {
						"application/json": {
							"schema": {
								"$ref": "#/components/schemas/bookingDetails"
							}
						}
					},
					"description": "Test Event creation event from booking",
					"required": true
				},
				"responses": {
					"202": {
						"description": "Accepted"
					},
					"400": {
						"description": "Invalid input"
					},
					"401": {
						"description": "Unauthorized"
					},
					"403": {
						"description": "Forbidden"
					}
				}
			}
		},
		"/v1/internal/identity": {
			"post": {
				"tags": [
					"StaffManagement-Identity"
				],
				"summary": "Staff Management Internal Event publish to Internal CMDS System (Identity Service)",
				"description": "INT-66 Users, INT-64 Roles, INT-67 UserRoles",
				"requestBody": {
					"content": {
						"application/json": {
							"schema": {
								"$ref": "#/components/schemas/StaffIdentityInternalProfile"
							}
						}
					},
					"description": "Event Payload Request to Internal API Gateway",
					"required": true
				},
				"responses": {
					"202": {
						"description": "Accepted",
						"content": {
							"application/json": {
								"schema": {
									"$ref": "#/components/schemas/ResponseWithTransactionID"
								}
							}
						}
					},
					"400": {
						"description": "Invalid request",
						"content": {
							"application/json": {
								"schema": {
									"$ref": "#/components/schemas/ErrorResponse"
								}
							}
						}
					},
					"401": {
						"description": "Unauthorized"
					},
					"403": {
						"description": "Forbidden"
					}
				}
			}
		}
	},
	"components": {
		"schemas": {
			"ErrorResponse": {
				"title": "ErrorResponse",
				"type": "object",
				"x-examples": {
					"Error Response": {
						"errorList": [{
							"interface": "",
							"type": "validation",
							"code": "1234",
							"ticketId": "5c22b7c2091955c7926172f00a480b81",
							"source": {
								"pointer": "",
								"model": ""
							},
							"detail": "A required field was provided without any value",
							"title": "Mandatory field missing data"
						}]
					}
				},
				"description": "Data model of the ErrorResponse. It can be both sync and async",
				"properties": {
					"errorList": {
						"type": "array",
						"items": {
							"type": "object",
							"properties": {
								"interface": {
									"type": "string",
									"description": "Name of the interface that raised the Error. It's mostly name of the Service"
								},
								"type": {
									"type": "string",
									"description": "Type of the error. Possible values: validation, processing, system, other..."
								},
								"code": {
									"type": "string",
									"description": "The code identifying the error. Need to have an agreed list of error codes. Optional."
								},
								"ticketId": {
									"type": "string",
									"description": "TicketId assigned by some ticketing system. It may be empty when it's a sync validation response."
								},
								"source": {
									"type": "object",
									"description": "Dynamic data object that can point out where was the problem in the request. If there is more fields that can be used to identify issue, then they can be added here freely",
									"properties": {
										"pointer": {
											"type": "string",
											"description": "Name of the problematic field. It should also point field even inside bigger structures (i.e. objA.fields[0].field)"
										},
										"model": {
											"type": "string",
											"description": "Explains which Data Model was used to validate particular data request"
										}
									}
								},
								"details": {
									"type": "string",
									"description": ""
								},
								"title": {
									"type": "string"
								}
							},
							"required": [
								"interface",
								"type",
								"details",
								"title"
							]
						}
					}
				}
			},
			"LPRLocationHierarchy": {
				"type": "object",
				"required": [
					"partnerCode",
					"locationId",
					"testCentreId",
					"locationType",
					"locationName",
					"externalReferenceId",
					"parentLocationId",
					"locationStatus",
					"statusChangeTIme",
					"addresses",
					"approvedProducts"
				],
				"properties": {
					"partnerCode": {
						"type": "string",
						"description": "This field is used only where locationType = test centre",
						"example": "IDP"
					},
					"locationId": {
						"type": "string",
						"description": "Id of the Location",
						"example": "b32a82a0-693c-4dfd-824f-962784f8bf7d"
					},
					"testCentreId": {
						"type": "string",
						"description": "Id of the Test Centre",
						"example": "CC002"
					},
					"locationType": {
						"type": "string",
						"description": "Specifies the type of Location",
						"enum": [
							"TEST_CENTRE",
							"VIRTUAL_BUILDING",
							"BUILDING",
							"ROOM"
						],
						"example": "TEST_CENTRE"
					},
					"locationName": {
						"type": "string",
						"description": "Name of the Location",
						"example": "IDP Melbourne"
					},
					"externalReferenceId": {
						"type": "string",
						"description": "External Reference Id of the Location",
						"example": "AU241"
					},
					"parentLocationId": {
						"type": "string",
						"description": "For locations of type ‘Test Centre’, the locationId of the parent country;  For buildings, the locationId of the parent centre; For rooms, the locationId of the parent building\"",
						"example": "b32a82a0-693c-4dfd-824f-962784f8bf7d"
					},
					"locationStatus": {
						"type": "string",
						"enum": [
							"ACTIVE",
							"SUSPENDED",
							"INACTIVE"
						],
						"description": "Current status of the Location",
						"example": "ACTIVE"
					},
					"statusChangeTime": {
						"type": "string",
						"format": "date-time",
						"description": "DateTime (in UTC) at which the status of the Location is changed "
					},
					"addresses": {
						"type": "array",
						"description": "List of various addresses of Location",
						"items": {
							"$ref": "#/components/schemas/LocationHierarchyAddress"
						}
					},
					"approvedProducts": {
						"type": "array",
						"description": "List of products for which the location is eligible to conduct tests",
						"items": {
							"$ref": "#/components/schemas/LocationHierarchyApprovedProduct"
						}
					}
				}
			},
			"LocationHierarchyAddress": {
				"type": "object",
				"required": [
					"addressType",
					"address1Line",
					"address2Line",
					"countryCode",
					"stateProvince",
					"city",
					"zipPostcode"
				],
				"properties": {
					"addressType": {
						"type": "string",
						"enum": [
							"Postal",
							"Physical"
						],
						"description": "Category of the address",
						"example": "Postal"
					},
					"address1Line": {
						"type": "string",
						"description": "First line of the address",
						"example": "GPO BOX 1515"
					},
					"address2Line": {
						"type": "string",
						"description": "Second line of the address"
					},
					"address3Line": {
						"type": "string",
						"description": "Third line of the address"
					},
					"address4Line": {
						"type": "string",
						"description": "Fourth line of the address"
					},
					"city": {
						"type": "string",
						"description": "Name of the City",
						"example": "Melbourne"
					},
					"stateProvince": {
						"type": "string",
						"format": "UUID",
						"description": "Territory ID of the City or Province",
						"example": "b32a82a0-693c-4dfd-824f-962784f8bf7d"
					},
					"zipPostcode": {
						"type": "string",
						"description": "postcode or zipcode of the address",
						"example": "3000"
					},
					"countryCode": {
						"type": "string",
						"description": "Three letter code of the country",
						"example": "AUS"
					}
				}
			},
			"LocationHierarchyApprovedProduct": {
				"type": "object",
				"required": [
					"name",
					"startTime",
					"endTime",
					"suspendedTime",
					"authorisedBy"
				],
				"properties": {
					"name": {
						"type": "string",
						"description": "Name of the approved product",
						"example": "IELTS at Home AC"
					},
					"startTime": {
						"type": "string",
						"format": "dateTime",
						"description": "Start Time from which the product is authorised",
						"example": "2020-06-01T00:00:00.000Z"
					},
					"endTime": {
						"type": "string",
						"format": "dateTime",
						"description": "product authorization End Time",
						"example": "2020-06-01T00:00:00.000Z"
					},
					"suspendedTime": {
						"type": "string",
						"format": "dateTime",
						"description": "Time from which the product is suspended",
						"example": "2020-09-02T00:00:00.000Z"
					},
					"authorisedBy": {
						"type": "string",
						"description": "Email of the staff who has authorised the product",
						"example": "pmitchel@ielts.com"
					}
				}
			},
			"ResponseWithTransactionID": {
				"type": "object",
				"properties": {
					"transactionId": {
						"type": "string",
						"description": "Unique identifier for the transaction."
					}
				}
			},
			"CMDSAddress": {
				"type": "object",
				"properties": {
					"streetAddress1": {
						"type": "string",
						"description": "First line of address",
						"example": "15"
					},
					"streetAddress2": {
						"type": "string",
						"description": "Second line of address",
						"example": "King Street"
					},
					"streetAddress3": {
						"type": "string",
						"description": "Third line of address",
						"example": ""
					},
					"streetAddress4": {
						"type": "string",
						"description": "Forth line of address",
						"example": ""
					},
					"state": {
						"type": "string",
						"description": "Reference Data Id matching the CMDS unique id for the territory"
					},
					"postalCode": {
						"type": "string",
						"description": "Postcode or Zipcode of the address",
						"example": "1234"
					},
					"city": {
						"type": "string",
						"description": "City specified in the address",
						"example": "Melbourne"
					},
					"countryId": {
						"type": "string",
						"description": "Reference Data Id matching the CMDS unique id for the Country",
						"example": "AUS"
					}
				},
				"required": [
					"streetAddress1",
					"countryId"
				]
			},
			"testEvent": {
				"type": "object",
				"properties": {
					"productId": {
						"type": "string",
						"format": "UUID"
					},
					"locationId": {
						"type": "string",
						"format": "UUID"
					},
					"testDate": {
						"type": "string",
						"format": "date",
						"description": "test date in format YYYY-MM-DD"
					},
					"insperaTestEventId": {
						"type": "string"
					}
				}
			},
			"bookingDetails": {
				"type": "object",
				"properties": {
					"partnerId": {
						"type": "string",
						"description": "Partner/tenent of CMDS platform"
					},
					"locationId": {
						"type": "string",
						"format": "UUID",
						"description": "ID of the location.(Master data owner-CMDS)"
					},
					"productId": {
						"type": "string",
						"format": "UUID",
						"description": "ID of the product.(Master data owner-CMDS)"
					},
					"testDate": {
						"type": "string",
						"format": "date",
						"description": "Test Date YYYY-MM-DD"
					},
					"bookingDetailStatus": {
						"type": "string",
						"enum": [
							"INCOMPLETE",
							"COMPLETE"
						]
					},
					"marketingInfo": {
						"$ref": "#/components/schemas/MarketingInfo"
					},
					"testTaker": {
						"$ref": "#/components/schemas/TestTakerDetails"
					},
					"bookingLines": {
						"type": "array",
						"items": {
							"$ref": "#/components/schemas/BookingLine"
						}
					},
					"agentName": {
						"type": "string"
					},
					"orsConsentGiven": {
						"type": "boolean"
					}
				}
			},
			"TestTakerDetails": {
				"type": "object",
				"description": "",
				"properties": {
					"shortCandidateNumber": {
						"type": "string"
					},
					"compositeCandidateNumber": {
						"type": "string"
					},
					"uniqueCandidateNumber": {
						"type": "string"
					},
					"externalTestTakerId": {
						"type": "string",
						"description": "Id of the test taker in the partner system (Master data owner - ORS), ignored in the update request",
						"example": "1234"
					},
					"identityNumber": {
						"type": "string",
						"description": "Number in the test takers identification document ( passport number, driving license number )",
						"example": "AB12314"
					},
					"identityType": {
						"description": "Reference Data Id matching the CMDS unique id for the identity type",
						"type": "string"
					},
					"identityVerificationStatus": {
						"type": "string",
						"default": "INCOMPLETE",
						"description": "Status of the verification of the TT identity documents. Master of this data is the ORS",
						"enum": [
							"INCOMPLETE",
							"UNVERIFIED",
							"VERIFIED"
						],
						"example": "INCOMPLETE"
					},
					"identityIssuingAuthority": {
						"type": "string",
						"description": "Organisation or Institution which issues the Identity document"
					},
					"identityExpiryDate": {
						"type": "string",
						"description": "Date at which identity document gets expired",
						"format": "date",
						"example": "2020-01-01"
					},
					"firstName": {
						"type": "string",
						"description": "first name of the Test taker",
						"example": "Alan"
					},
					"lastName": {
						"type": "string",
						"description": "last name of the Test taker",
						"example": "Davies"
					},
					"dob": {
						"type": "string",
						"description": "Date of Birth of the Test taker as per identification Document",
						"format": "date",
						"example": "1900-01-01"
					},
					"sex": {
						"type": "string",
						"description": "Reference Data Id matching the CMDS unique id for the Gender of the Test taker"
					},
					"email": {
						"type": "string",
						"description": "email id of the Test taker",
						"example": "alan@gmail.com"
					},
					"title": {
						"type": "string",
						"description": "Reference Data Id matching the CMDS unique id for the title entity"
					},
					"telephone": {
						"type": "string",
						"description": "Telephone number of the Test taker",
						"example": "+1 234566778"
					},
					"mobile": {
						"type": "string",
						"description": "Mobile number of the Test taker",
						"example": "1234567890"
					},
					"languageId": {
						"type": "string",
						"description": "Reference Data Id matching the CMDS unique id for the  language"
					},
					"nationalityId": {
						"type": "string",
						"description": "Reference Data Id matching the CMDS unique id for the Nationality"
					},
					"notes": {
						"type": "string",
						"description": "Extra notes"
					},
					"address": {
						"$ref": "#/components/schemas/CMDSAddress"
					}
				},
				"required": [
					"externalTestTakerId",
					"identityVerificationStatus",
					"shortCandidateNumber",
					"compositeCandidateNumber",
					"uniqueCandidateNumber"
				]
			},
			"MarketingInfo": {
				"type": "object",
				"properties": {
					"educationLevel": {
						"type": "string",
						"description": "Reference Data Id matching the CMDS unique id for the Education level of the Test Taker"
					},
					"yearsOfStudy": {
						"type": "string",
						"description": "Reference Data Id matching the CMDS unique id for the No of years"
					},
					"occupationSector": {
						"type": "string",
						"description": "Reference Data Id matching the CMDS unique id for the Occupation sector of the Test taker"
					},
					"occupationLevel": {
						"type": "string",
						"description": "Reference Data Id matching the CMDS unique id for the Occupation level of the Test taker"
					},
					"reasonForTest": {
						"type": "string",
						"description": " Reference Data Id matching the CMDS unique id for theReasons for Test by test taker"
					},
					"applyingToCountry3code": {
						"type": "string",
						"description": "Reference Data Id matching the CMDS unique id for the country",
						"example": "AUS"
					},
					"currentEnglishStudyPlace": {
						"type": "string",
						"example": "DJ Uni.",
						"description": "Test taker's place of studying English"
					},
					"occupationSectorOther": {
						"type": "string",
						"description": "Other occupation sectors of the Test taker (This field needs confirmation)"
					},
					"occupationLevelOther": {
						"type": "string",
						"description": "Other Occupation levels of Test taker (This field needs confirmation)"
					},
					"reasonForTestOther": {
						"type": "string",
						"description": "Other reasons for Test by test taker (This field needs confirmation)"
					},
					"countryApplyingToOther": {
						"type": "string",
						"description": "Other Countries to which the test taker is applying for (This field needs confirmation)",
						"example": "GBR"
					}
				}
			},
			"BookingLine": {
				"type": "object",
				"description": "",
				"properties": {
					"externalBookingLineId": {
						"type": "string",
						"example": "1233",
						"description": "BookingLineId assigned by ORS"
					},
					"bookingLineId": {
						"type": "string",
						"format": "UUID",
						"description": "CMDS Booking line id"
					},
					"startTimeUTC": {
						"type": "string",
						"format": "date-time",
						"description": "starting time of the specific child component of the test for the candidate in UTC"
					},
					"startTimeLocal": {
						"type": "string",
						"format": "date-time",
						"description": "starting time of the specific child component of the test for the candidate in Local time zone"
					},
					"extraTimeMinutes": {
						"type": "integer",
						"description": "Extra time in minutes required by the test taker",
						"example": 15
					},
					"productId": {
						"description": "Id of the product component (Master data - CMDS)",
						"type": "string"
					},
					"status": {
						"type": "string",
						"enum": [
							"EXEMPT",
							"ACTIVE"
						],
						"description": "if test taker is exempted from the booking line of the Product Id",
						"example": "ACTIVE"
					}
				},
				"required": [
					"externalBookingLineId",
					"startTimeUTC",
					"startTimeLocal",
					"productId",
					"bookingLineId"
				]
			},
			"EventPayload": {
				"type": "object",
				"required": [
					"eventHeader",
					"eventBody",
					"eventErrors"
				],
				"properties": {
					"eventHeader": {
						"type": "object",
						"description": "Holds list of Event Headers",
						"additionalProperties": {}
					},
					"eventBody": {
						"type": "object",
						"description": "Event Payload Populated for all requests sent to Internal API Gateway",
						"additionalProperties": {}
					},
					"eventErrors": {
						"type": "object",
						"description": "List of Event Errors",
						"$ref": "#/components/schemas/ErrorResponse"
					}
				}
			},
			"StaffIdentityInternalProfile": {
				"type": "object",
				"required": [
					"user_id",
					"email"
				],
				"properties": {
					"user_id": {
						"type": "string",
						"description": "The external user's id provided by the identity provider.",
						"example": "abc"
					},
					"given_name": {
						"type": "string",
						"description": "The user's given name",
						"example": "John"
					},
					"family_name": {
						"type": "string",
						"description": "The user's family name",
						"example": "Doe"
					},
					"nickname": {
						"type": "string",
						"description": "The user's nickname.",
						"example": "Johnny"
					},
					"email": {
						"type": "string",
						"description": "The user's email",
						"example": "john.doe@gmail.com"
					},
					"email_verified": {
						"type": "boolean",
						"description": "Whether this email address is verified (true) or unverified (false). If set to false the user will not receive a verification email unless verify_email is set to true",
						"example": false
					},
					"phone_number": {
						"type": "string",
						"description": "The user's phone number (following the E.164 recommendation), only valid for users from SMS connections.",
						"example": "+199999999999999"
					},
					"phone_verified": {
						"type": "boolean",
						"description": "Whether this phone number has been verified (true) or not (false).",
						"example": false
					},
					"app_metadata": {
						"type": "object",
						"description": "Data related to the user that does affect the application's core functionality",
						"additionalProperties": {}
					},
					"user_metadata": {
						"type": "object",
						"description": "Data related to the user that does not affect the application's core functionality.",
						"additionalProperties": {}
					},
					"user_status": {
						"type": "string",
						"description": "User is Active/InActive",
						"example": "Active"
					},
					"verify_email": {
						"type": "boolean",
						"description": "Whether the user will receive a verification email after creation (true) or no email (false). Overrides behavior of email_verified parameter",
						"example": false
					}
				}
			},
			"RetrieveAuth0Profile": {
				"type": "object",
				"properties": {
					"user_id": {
						"type": "string",
						"description": "This will be user_id ",
						"example": "auth0|507f1f77bcf86cd799439020"
					},
					"given_name": {
						"type": "string",
						"description": "The user's given name",
						"example": "John"
					},
					"family_name": {
						"type": "string",
						"description": "The user's family name",
						"example": "Doe"
					},
					"nickname": {
						"type": "string",
						"description": "The user's nickname.",
						"example": "Johnny"
					},
					"email": {
						"type": "string",
						"description": "The user's email",
						"example": "john.doe@gmail.com"
					},
					"email_verified": {
						"type": "boolean",
						"description": "Whether this email address is verified (true) or unverified (false). If set to false the user will not receive a verification email unless verify_email is set to true",
						"example": false
					},
					"phone_number": {
						"type": "string",
						"description": "The user's phone number",
						"example": "+199999999999999"
					},
					"phone_verified": {
						"type": "boolean",
						"description": "Whether this phone number has been verified (true) or not (false).",
						"example": false
					},
					"app_metadata": {
						"type": "object",
						"description": "User metadata to which this user has read-only access",
						"additionalProperties": {}
					},
					"user_metadata": {
						"type": "object",
						"description": "User metadata to which this user has read/write access",
						"additionalProperties": {}
					},
					"blocked": {
						"type": "boolean",
						"description": "Whether this user was blocked by an administrator (true) or is not (false)",
						"example": false
					},
					"user_status": {
						"type": "string",
						"description": "User is Active/InActive",
						"example": "Active"
					},
					"created_at": {
						"type": "string",
						"description": "Date and time when this user was created (ISO_8601 format).",
						"example": ""
					},
					"updated_at": {
						"type": "string",
						"description": "Date and time when this user was last updated/modified (ISO_8601 format)",
						"example": ""
					}
				}
			},
			"CreateAuth0Profile": {
				"type": "object",
				"properties": {
					"user_id": {
						"type": "string",
						"description": "The external user's id provided by the identity provider.",
						"example": "abc"
					},
					"given_name": {
						"type": "string",
						"description": "The user's given name",
						"example": "John"
					},
					"family_name": {
						"type": "string",
						"description": "The user's family name",
						"example": "Doe"
					},
					"nickname": {
						"type": "string",
						"description": "The user's nickname.",
						"example": "Johnny"
					},
					"email": {
						"type": "string",
						"description": "The user's email",
						"example": "john.doe@gmail.com"
					},
					"email_verified": {
						"type": "boolean",
						"description": "Whether this email address is verified (true) or unverified (false). If set to false the user will not receive a verification email unless verify_email is set to true",
						"example": false
					},
					"phone_number": {
						"type": "string",
						"description": "The user's phone number (following the E.164 recommendation), only valid for users from SMS connections.",
						"example": "+199999999999999"
					},
					"phone_verified": {
						"type": "boolean",
						"description": "Whether this phone number has been verified (true) or not (false).",
						"example": false
					},
					"app_metadata": {
						"type": "object",
						"description": "Data related to the user that does affect the application's core functionality",
						"additionalProperties": {}
					},
					"user_metadata": {
						"type": "object",
						"description": "Data related to the user that does not affect the application's core functionality.",
						"additionalProperties": {}
					},
					"blocked": {
						"type": "boolean",
						"description": "Whether this user was blocked by an administrator (true) or not (false)",
						"example": false
					},
					"user_status": {
						"type": "string",
						"description": "User is Active/InActive",
						"example": "Active"
					},
					"connection": {
						"type": "boolean",
						"description": "Name of the connection this user should be created in",
						"example": "Initial-Connection"
					},
					"verify_email": {
						"type": "boolean",
						"description": "Whether the user will receive a verification email after creation (true) or no email (false). Overrides behavior of email_verified parameter",
						"example": false
					}
				}
			},
			"UpdateAuth0Profile": {
				"type": "object",
				"properties": {
					"given_name": {
						"type": "string",
						"description": "The user's given name",
						"example": "John"
					},
					"family_name": {
						"type": "string",
						"description": "The user's family name",
						"example": "Doe"
					},
					"nickname": {
						"type": "string",
						"description": "The user's nickname.",
						"example": "Johnny"
					},
					"email": {
						"type": "string",
						"description": "Email address of this user.",
						"example": "john.doe@idp.com"
					},
					"email_verified": {
						"type": "boolean",
						"description": "Whether this email address is verified (true) or unverified (false). If set to false the user will not receive a verification email unless verify_email is set to true",
						"example": false
					},
					"phone_number": {
						"type": "string",
						"description": "The user's phone number (following the E.164 recommendation), only valid for users from SMS connections.",
						"example": ""
					},
					"phone_verified": {
						"type": "boolean",
						"description": "Whether this phone number has been verified (true) or not (false).",
						"example": "+199999999999999"
					},
					"app_metadata": {
						"type": "object",
						"description": "User metadata to which this user has read-only access.",
						"additionalProperties": {}
					},
					"user_metadata": {
						"type": "object",
						"description": "User metadata to which this user has read/write access",
						"additionalProperties": {}
					},
					"blocked": {
						"type": "boolean",
						"description": "Whether this user was blocked by an administrator (true) or not (false)",
						"example": false
					},
					"user_status": {
						"type": "string",
						"description": "User is Active/InActive",
						"example": "Active"
					},
					"verify_email": {
						"type": "boolean",
						"description": "Whether the user will receive a verification email after creation (true) or no email (false). Overrides behavior of email_verified parameter",
						"example": false
					},
					"verify_phone_number": {
						"type": "boolean",
						"description": "Whether this user will receive a text after changing the phone number (true) or no text (false). Only valid when changing phone number",
						"example": false
					},
					"client_id": {
						"type": "string",
						"description": "Auth0 client ID. Only valid when updating email address.",
						"example": "Initial-Connection"
					}
				}
			},
			"LPRInbound": {
				"type": "object",
				"description": "This will hold location updates coming as feed from LPR to Staff Management",
				"required": [
					"lprLocationHierarchy"
				],
				"properties": {
					"LPRLocationHierarchy": {
						"type": "object",
						"description": "Holds the location updates coming as feed from LPR to Staff Management",
						"$ref": "#/components/schemas/LPRLocationHierarchy"
					},
					"staffMgmntLPRPreprocessed": {
						"type": "object",
						"$ref": "#/components/schemas/LPRPreprocessed"
					}
				}
			},
			"LPRPreprocessed": {
				"type": "object",
				"required": [
					"parentId",
					"testCentreLocation"
				],
				"properties": {
					"parentid": {
						"type": "string",
						"description": "As part of pre-processing, identify the location hierachy for each location payload posted from LPR to StaffManagement",
						"example": "3,2,1"
					},
					"testCentreLocation": {
						"type": "string",
						"description": "As part of pre-processing, while identifying the location hierachy derive this value that can be used to populate in StaffManagement UI",
						"example": "AU240 - IDP IELTS Test Australia"
					}
				}
			},
			"ProductMaster": {
				"type": "object",
				"required": [
					"productId",
					"product_master_data"
				],
				"properties": {
					"productId": {
						"type": "string",
						"format": "UUID",
						"description": "Unique identifier of the Product",
						"example": "99b879e1-1d6f-41fc-a4d4-d77b5d21bed9"
					},
					"product_master_data": {
						"type": "string",
						"description": "Loaded product master data",
						"example": "{}"
					}
				}
			}
		}
	}
}
