{
  "openapi": "3.0.0",
  "info": {
    "description": "This swagger documentation describes requests raised with UI",
    "version": "1.0",
    "title": "CMDS UI",
    "license": {
      "name": "Private"
    }
  },
  "tags": [
    {
      "name": "StaffManagement",
      "description": "Manage and maintain all IELTS staff information via UI"
    },
    {
      "name": "HealthCheck",
      "description": "Checking the health of service"
    }
  ],
  "paths": {
    "/v1/staffmanagement/users/advancesearch": {
      "post": {
        "tags": ["StaffManagement"],
        "summary": "Advanced Search for Staff Details",
        "description": "Search for Staff/User Details by username (Given Name/Family Name), Email, Usergroupname, Nickname, Phonenumber, Userstatus, Testcentre",
        "requestBody": {
          "content": {
            "application/json": {
              "schema": {
                "$ref": "#/components/schemas/StaffManagementAdvanceSearch"
              }
            }
          },
          "required": true
        },
        "responses": {
          "202": {
            "description": "Accepted",
            "content": {
              "application/json": {
                "schema": {
                  "$ref": "#/components/schemas/ResponseWithTransactionID"
                }
              }
            }
          },
          "400": {
            "description": "Invalid request",
            "content": {
              "application/json": {
                "schema": {
                  "$ref": "#/components/schemas/ErrorResponse"
                }
              }
            }
          },
          "401": {
            "description": "Unauthorized"
          },
          "403": {
            "description": "Forbidden"
          }
        }
      },
      "parameters": [
        {
          "schema": {
            "type": "string",
            "format": "UUID"
          },
          "name": "externalTransactionId",
          "in": "header",
          "required": true
        },
        {
          "schema": {
            "type": "string",
            "format": "UUID"
          },
          "name": "connectionId",
          "in": "header",
          "required": false
        },
        {
          "schema": {
            "type": "string",
            "format": "UUID"
          },
          "name": "callbackURL",
          "in": "header",
          "required": true
        },
        {
          "schema": {
            "type": "string"
          },
          "name": "x-auth-token",
          "in": "header",
          "required": false
        },
        {
          "schema": {
            "type": "string"
          },
          "name": "x-access-token",
          "in": "header",
          "required": false
        }
      ]
    },
    "/v1/staffmanagement/users": {
      "post": {
        "tags": ["StaffManagement"],
        "summary": "New Staff Registration",
        "description": "Add a new Staff inclusive of User Group, Location & Product Addition",
        "requestBody": {
          "content": {
            "application/json": {
              "schema": {
                "$ref": "#/components/schemas/StaffManagement"
              }
            }
          },
          "required": true
        },
        "responses": {
          "202": {
            "description": "Accepted",
            "content": {
              "application/json": {
                "schema": {
                  "$ref": "#/components/schemas/ResponseWithTransactionID"
                }
              }
            }
          },
          "400": {
            "description": "Invalid request",
            "content": {
              "application/json": {
                "schema": {
                  "$ref": "#/components/schemas/ErrorResponse"
                }
              }
            }
          },
          "401": {
            "description": "Unauthorized"
          },
          "403": {
            "description": "Forbidden"
          }
        }
      },
      "put": {
        "tags": ["StaffManagement"],
        "summary": "Update Staff Details including User Groups, Location & Product",
        "description": "INT-38 Entries",
        "requestBody": {
          "content": {
            "application/json": {
              "schema": {
                "$ref": "#/components/schemas/UpdateStaffManagement"
              }
            }
          },
          "required": true
        },
        "responses": {
          "202": {
            "description": "Accepted",
            "content": {
              "application/json": {
                "schema": {
                  "$ref": "#/components/schemas/ResponseWithTransactionID"
                }
              }
            }
          },
          "400": {
            "description": "Invalid input",
            "content": {
              "application/json": {
                "schema": {
                  "$ref": "#/components/schemas/ErrorResponse"
                }
              }
            }
          },
          "401": {
            "description": "Unauthorized"
          },
          "403": {
            "description": "Forbidden"
          },
          "404": {
            "description": "Not Found"
          }
        }
      },
      "parameters": [
        {
          "schema": {
            "type": "string",
            "format": "UUID"
          },
          "name": "externalTransactionId",
          "in": "header",
          "required": true
        },
        {
          "schema": {
            "type": "string",
            "format": "UUID"
          },
          "name": "connectionId",
          "in": "header",
          "required": false
        },
        {
          "schema": {
            "type": "string",
            "format": "UUID"
          },
          "name": "callbackURL",
          "in": "header",
          "required": true
        },
        {
          "schema": {
            "type": "string"
          },
          "name": "x-auth-token",
          "in": "header",
          "required": false
        },
        {
          "schema": {
            "type": "string"
          },
          "name": "x-access-token",
          "in": "header",
          "required": false
        }
      ]
    },
    "/v1/staffmanagement/users/{userId}/assignusergroups": {
      "post": {
        "tags": ["StaffManagement"],
        "summary": "Assign New User Groups to existing Staff",
        "description": "Assign New User Groups to existing Staff",
        "requestBody": {
          "content": {
            "application/json": {
              "schema": {
                "$ref": "#/components/schemas/UserGroupAssignmentList"
              }
            }
          },
          "required": true
        },
        "responses": {
          "202": {
            "description": "Accepted",
            "content": {
              "application/json": {
                "schema": {
                  "$ref": "#/components/schemas/ResponseWithTransactionID"
                }
              }
            }
          },
          "400": {
            "description": "Invalid request",
            "content": {
              "application/json": {
                "schema": {
                  "$ref": "#/components/schemas/ErrorResponse"
                }
              }
            }
          },
          "401": {
            "description": "Unauthorized"
          },
          "403": {
            "description": "Forbidden"
          }
        }
      },
      "parameters": [
        {
          "schema": {
            "type": "string",
            "format": "UUID"
          },
          "name": "externalTransactionId",
          "in": "header",
          "required": true
        },
        {
          "schema": {
            "type": "string",
            "format": "UUID"
          },
          "name": "connectionId",
          "in": "header",
          "required": false
        },
        {
          "schema": {
            "type": "string",
            "format": "UUID"
          },
          "name": "callbackURL",
          "in": "header",
          "required": true
        },
        {
          "schema": {
            "type": "string"
          },
          "name": "x-auth-token",
          "in": "header",
          "required": false
        },
        {
          "schema": {
            "type": "string"
          },
          "name": "x-access-token",
          "in": "header",
          "required": false
        },
        {
          "name": "userId",
          "in": "path",
          "description": "UUID of the User",
          "required": true,
          "schema": {
            "type": "string",
            "format": "UUID"
          }
        }
      ]
    },
    "/v1/staffmanagement/users/{userId}": {
      "get": {
        "tags": ["StaffManagement"],
        "summary": "Retrieve all Users registered in CMDS",
        "responses": {
          "202": {
            "description": "Accepted",
            "content": {
              "application/json": {
                "schema": {
                  "$ref": "#/components/schemas/ResponseWithTransactionID"
                }
              }
            }
          },
          "400": {
            "description": "Invalid request",
            "content": {
              "application/json": {
                "schema": {
                  "$ref": "#/components/schemas/ErrorResponse"
                }
              }
            }
          },
          "401": {
            "description": "Unauthorized"
          },
          "403": {
            "description": "Forbidden"
          }
        },
        "description": "Async Response corresponds to Schema UserList"
      },
      "delete": {
        "tags": ["StaffManagement"],
        "summary": "Delete (Soft Delete) User Details including User Groups, Location & Product",
        "description": "Delete (Soft Delete) User Details including User Groups, Location & Product",
        "responses": {
          "202": {
            "description": "Accepted"
          },
          "401": {
            "description": "Unauthorized"
          },
          "403": {
            "description": "Forbidden"
          },
          "404": {
            "description": "Not Found"
          }
        }
      },
      "parameters": [
        {
          "schema": {
            "type": "string",
            "format": "UUID"
          },
          "name": "externalTransactionId",
          "in": "header",
          "required": true
        },
        {
          "schema": {
            "type": "string",
            "format": "UUID"
          },
          "name": "connectionId",
          "in": "header",
          "required": false
        },
        {
          "schema": {
            "type": "string",
            "format": "UUID"
          },
          "name": "callbackURL",
          "in": "header",
          "required": true
        },
        {
          "schema": {
            "type": "string"
          },
          "name": "x-auth-token",
          "in": "header",
          "required": false
        },
        {
          "schema": {
            "type": "string"
          },
          "name": "x-access-token",
          "in": "header",
          "required": false
        },
        {
          "name": "userId",
          "in": "path",
          "description": "UUID of the User",
          "required": true,
          "schema": {
            "type": "string",
            "format": "UUID"
          }
        }
      ]
    },
    "/v1/staffmanagement/usergroups": {
      "get": {
        "tags": ["StaffManagement"],
        "summary": "Retrieve all User Groups registered in CMDS",
        "responses": {
          "202": {
            "description": "Accepted",
            "content": {
              "application/json": {
                "schema": {
                  "$ref": "#/components/schemas/ResponseWithTransactionID"
                }
              }
            }
          },
          "400": {
            "description": "Invalid request",
            "content": {
              "application/json": {
                "schema": {
                  "$ref": "#/components/schemas/ErrorResponse"
                }
              }
            }
          },
          "401": {
            "description": "Unauthorized"
          },
          "403": {
            "description": "Forbidden"
          }
        },
        "description": "Async Response corresponds to Schema UserGroupList"
      },
      "parameters": [
        {
          "schema": {
            "type": "string",
            "format": "UUID"
          },
          "name": "externalTransactionId",
          "in": "header",
          "required": true
        },
        {
          "schema": {
            "type": "string",
            "format": "UUID"
          },
          "name": "connectionId",
          "in": "header",
          "required": false
        },
        {
          "schema": {
            "type": "string",
            "format": "UUID"
          },
          "name": "callbackURL",
          "in": "header",
          "required": true
        },
        {
          "schema": {
            "type": "string"
          },
          "name": "x-auth-token",
          "in": "header",
          "required": false
        },
        {
          "schema": {
            "type": "string"
          },
          "name": "x-access-token",
          "in": "header",
          "required": false
        }
      ]
    },
    "/v1/staffmanagement/users/{userId}/locations": {
      "get": {
        "tags": ["StaffManagement"],
        "summary": "Retrieve all Locations based on Business Rules to be populated in Staff Management UI",
        "responses": {
          "202": {
            "description": "Accepted",
            "content": {
              "application/json": {
                "schema": {
                  "$ref": "#/components/schemas/ResponseWithTransactionID"
                }
              }
            }
          },
          "400": {
            "description": "Invalid request",
            "content": {
              "application/json": {
                "schema": {
                  "$ref": "#/components/schemas/ErrorResponse"
                }
              }
            }
          },
          "401": {
            "description": "Unauthorized"
          },
          "403": {
            "description": "Forbidden"
          }
        },
        "description": "Async Response corresponds to Schema LocationList"
      },
      "parameters": [
        {
          "schema": {
            "type": "string",
            "format": "UUID"
          },
          "name": "externalTransactionId",
          "in": "header",
          "required": true
        },
        {
          "schema": {
            "type": "string",
            "format": "UUID"
          },
          "name": "connectionId",
          "in": "header",
          "required": false
        },
        {
          "schema": {
            "type": "string",
            "format": "UUID"
          },
          "name": "callbackURL",
          "in": "header",
          "required": true
        },
        {
          "schema": {
            "type": "string"
          },
          "name": "x-auth-token",
          "in": "header",
          "required": false
        },
        {
          "schema": {
            "type": "string"
          },
          "name": "x-access-token",
          "in": "header",
          "required": false
        },
        {
          "name": "userId",
          "in": "path",
          "description": "UUID of the User",
          "required": true,
          "schema": {
            "type": "string",
            "format": "UUID"
          }
        }
      ]
    },
    "/v1/staffmanagement/users/{userId}/locations/{locationId}/products": {
      "get": {
        "tags": ["StaffManagement"],
        "summary": "Retrieve all Products based on Business Rules to be populated in Staff Management UI",
        "responses": {
          "202": {
            "description": "Accepted",
            "content": {
              "application/json": {
                "schema": {
                  "$ref": "#/components/schemas/ResponseWithTransactionID"
                }
              }
            }
          },
          "400": {
            "description": "Invalid request",
            "content": {
              "application/json": {
                "schema": {
                  "$ref": "#/components/schemas/ErrorResponse"
                }
              }
            }
          },
          "401": {
            "description": "Unauthorized"
          },
          "403": {
            "description": "Forbidden"
          }
        },
        "description": "Async Response corresponds to Schema ProductMaster"
      },
      "parameters": [
        {
          "schema": {
            "type": "string",
            "format": "UUID"
          },
          "name": "externalTransactionId",
          "in": "header",
          "required": true
        },
        {
          "schema": {
            "type": "string",
            "format": "UUID"
          },
          "name": "connectionId",
          "in": "header",
          "required": false
        },
        {
          "schema": {
            "type": "string",
            "format": "UUID"
          },
          "name": "callbackURL",
          "in": "header",
          "required": true
        },
        {
          "schema": {
            "type": "string"
          },
          "name": "x-auth-token",
          "in": "header",
          "required": false
        },
        {
          "schema": {
            "type": "string"
          },
          "name": "x-access-token",
          "in": "header",
          "required": false
        },
        {
          "name": "userId",
          "in": "path",
          "description": "UUID of the User",
          "required": true,
          "schema": {
            "type": "string",
            "format": "UUID"
          }
        },
        {
          "name": "locationId",
          "in": "path",
          "description": "UUID of the Location",
          "required": true,
          "schema": {
            "type": "string",
            "format": "UUID"
          }
        }
      ]
    },
    "/healthcheck": {
      "get": {
        "tags": ["HealthCheck"],
        "summary": "Runs a healthcheck to see if the service is up",
        "responses": {
          "200": {
            "description": "OK"
          },
          "401": {
            "description": "Unauthorized"
          }
        },
        "description": "It is used to determine if API is live and if the authentication works fine"
      }
    }
  },
  "components": {
    "schemas": {
      "ResponseWithTransactionID": {
        "type": "object",
        "properties": {
          "transactionId": {
            "type": "string",
            "description": "Unique identifier for the transaction."
          }
        }
      },
      "ErrorResponse": {
        "title": "ErrorResponse",
        "type": "object",
        "x-examples": {
          "Error Response": {
            "errorList": [
              {
                "interface": "CreateBooking",
                "type": "validation",
                "code": "1234",
                "ticketId": "5c22b7c2091955c7926172f00a480b81",
                "source": {
                  "pointer": "productId",
                  "model": "RegistrationDetails"
                },
                "detail": "A required field was provided without any value",
                "title": "Mandatory field missing data"
              }
            ]
          }
        },
        "description": "Data model of the ErrorResponse. It can be both sync and async",
        "properties": {
          "errorList": {
            "type": "array",
            "items": {
              "type": "object",
              "properties": {
                "interface": {
                  "type": "string",
                  "description": "Name of the interface that raised the Error. It's mostly name of the Service"
                },
                "type": {
                  "type": "string",
                  "description": "Type of the error. Possible values: validation, processing, system, other..."
                },
                "code": {
                  "type": "string",
                  "description": "The code identifying the error. Need to have an agreed list of error codes. Optional."
                },
                "ticketId": {
                  "type": "string",
                  "description": "TicketId assigned by some ticketing system. It may be empty when it's a sync validation response."
                },
                "source": {
                  "type": "object",
                  "description": "Dynamic data object that can point out where was the problem in the request. If there is more fields that can be used to identify issue, then they can be added here freely",
                  "properties": {
                    "pointer": {
                      "type": "string",
                      "description": "Name of the problematic field. It should also point field even inside bigger structures (i.e. objA.fields[0].field)"
                    },
                    "model": {
                      "type": "string",
                      "description": "Explains which Data Model was used to validate particular data request"
                    }
                  }
                },
                "details": {
                  "type": "string",
                  "description": ""
                },
                "title": {
                  "type": "string"
                }
              },
              "required": ["interface", "type", "details", "title"]
            }
          }
        }
      },
      "StaffManagementBasicSearch": {
        "type": "object",
        "properties": {
          "searchFilter": {
            "type": "string",
            "description": "Search by Given name or Family Name or Email of the Staff/User",
            "example": "Steve (or) Smith or stevesmith@gmail.com"
          }
        }
      },
      "StaffManagementAdvanceSearch": {
        "type": "object",
        "properties": {
          "userName": {
            "type": "string",
            "description": "Search by Given name or Family Name of the Staff/User",
            "example": "Steve (or) Smith"
          },
          "email": {
            "type": "string",
            "description": "Search by email Id of the Staff/User",
            "example": "stevesmith@gmail.com"
          },
          "userGroup": {
            "type": "string",
            "description": "Search by the assigned User Group of the Staff/User",
            "example": "Test Centre Admin"
          },
          "nickName": {
            "type": "string",
            "description": "Search by Nick name of the Staff/User",
            "example": "Nick"
          },
          "phoneNumber": {
            "type": "string",
            "description": "Search by Phone number of the Staff/User",
            "example": "+1 234566778"
          },
          "userStatus": {
            "type": "string",
            "enum": ["ALL", "ACTIVE", "INACTIVE"],
            "description": "Search by the status of Staff/User",
            "example": "ACTIVE"
          },
          "testCentre": {
            "type": "string",
            "description": "Search by Test Centre of the Staff/User",
            "example": "AU240 - IDP IELTS Test Australia"
          },
          "pageInfo": {
            "$ref": "#/components/schemas/pageInfo"
          }
        }
      },
      "pageInfo": {
        "type": "object",
        "properties": {
          "pageNumber": {
            "type": "integer",
            "description": "Page Number of the records to be returned",
            "example": "100"
          },
          "noOfRecordsToDisplay": {
            "type": "integer",
            "description": "The number of results included in the API response (Limit Total Records to be displayed per page)",
            "example": "50"
          },
          "sortBy": {
            "type": "array",
            "items": {
              "type": "string"
            },
            "description": "Sort by which field/column in UI",
            "example": "[givenName,family_name]"
          },
          "sortType": {
            "type": "string",
            "description": "Sort by Ascending/Descending Order",
            "example": "ASC/DSC"
          }
        }
      },
      "StaffManagement": {
        "type": "object",
        "required": ["user"],
        "properties": {
          "user": {
            "type": "object",
            "$ref": "#/components/schemas/User"
          }
        }
      },
      "UpdateStaffManagement": {
        "type": "object",
        "required": ["user"],
        "properties": {
          "user": {
            "type": "object",
            "$ref": "#/components/schemas/UpdateUser"
          }
        }
      },
      "User": {
        "type": "object",
        "required": [
          "givenName",
          "familyName",
          "email",
          "phoneNumber",
          "emailVerified",
          "phoneVerified",
          "userStatus"
        ],
        "properties": {
          "givenName": {
            "type": "string",
            "description": "Given name of the User",
            "example": "Steve"
          },
          "familyName": {
            "type": "string",
            "description": "Faimly name of the User",
            "example": "Smith"
          },
          "nickname": {
            "type": "string",
            "description": "Nick name of the User",
            "example": "Nick"
          },
          "email": {
            "type": "string",
            "description": "email Id of the User",
            "example": "stevesmith@gmail.com"
          },
          "phoneNumber": {
            "type": "string",
            "description": "Phone number of the User",
            "example": "+1 234566778"
          },
          "emailVerified": {
            "type": "boolean",
            "description": "Email Verification has been done",
            "example": true
          },
          "phoneVerified": {
            "type": "boolean",
            "description": "Mobile Verification has been done",
            "example": true
          },
          "userStatus": {
            "type": "string",
            "enum": ["ACTIVE", "INACTIVE"],
            "description": "If User is ACTIVE/INACTIVE",
            "example": "ACTIVE"
          },
          "userGroupAssignments": {
            "type": "array",
            "description": "List of User Group Assignments for an User",
            "items": {
              "$ref": "#/components/schemas/UserGroupAssignment"
            }
          }
        }
      },
      "UpdateUser": {
        "type": "object",
        "required": [
          "userId",
          "givenName",
          "familyName",
          "email",
          "phoneNumber",
          "emailVerified",
          "phoneVerified",
          "userStatus"
        ],
        "properties": {
          "userId": {
            "type": "string",
            "format": "UUID",
            "description": "Unique identifier of the User",
            "example": "b32a82a0-693c-4dfd-824f-962784f8bf7d"
          },
          "givenName": {
            "type": "string",
            "description": "Given name of the User",
            "example": "Steve"
          },
          "familyName": {
            "type": "string",
            "description": "Faimly name of the User",
            "example": "Smith"
          },
          "nickname": {
            "type": "string",
            "description": "Nick name of the User",
            "example": "Nick"
          },
          "email": {
            "type": "string",
            "description": "email Id of the User",
            "example": "stevesmith@gmail.com"
          },
          "phoneNumber": {
            "type": "string",
            "description": "Phone number of the User",
            "example": "+1 234566778"
          },
          "emailVerified": {
            "type": "boolean",
            "description": "Email Verification has been done",
            "example": true
          },
          "phoneVerified": {
            "type": "boolean",
            "description": "Mobile Verification has been done",
            "example": true
          },
          "userStatus": {
            "type": "string",
            "enum": ["ACTIVE", "INACTIVE"],
            "description": "If User is ACTIVE/INACTIVE",
            "example": "ACTIVE"
          },
          "userGroupAssignments": {
            "type": "array",
            "description": "List of User Group Assignments for an User",
            "items": {
              "$ref": "#/components/schemas/UserGroupAssignment"
            }
          }
        }
      },
      "UserGroupAssignmentList": {
        "type": "array",
        "items": {
          "$ref": "#/components/schemas/UserGroupAssignment"
        }
      },
      "UserGroupAssignment": {
        "type": "object",
        "required": ["userGroupAssignmentId", "userId", "userGroupId"],
        "properties": {
          "userGroupAssignmentId": {
            "description": "Unique identifier of the User Group Assignment",
            "example": "e2e0fef5-3c2b-4715-88ec-5897ece265d3",
            "type": "string",
            "format": "UUID"
          },
          "userId": {
            "type": "string",
            "format": "eeba595a-a467-469d-840b-6fe69cec8f41",
            "description": "Id of the User linking User",
            "example": "12321"
          },
          "userGroupId": {
            "description": "Id of the User Group from UserGroup Schema",
            "example": "bd1be056-4608-4453-a51d-eee56e95f7bb",
            "type": "string",
            "format": "UUID"
          },
          "effectiveFromDate": {
            "type": "string",
            "description": "Effective Start Date for the User Group Assignment (YYYY-MM-DD)",
            "example": "2020-04-30T00:04:33Z"
          },
          "effectiveToDate": {
            "type": "string",
            "description": "Effective End Date for the User Group Assignment (YYYY-MM-DD)",
            "example": "2020-04-30T00:04:33Z"
          },
          "userGroupLocationRelation": {
            "type": "array",
            "description": "List of User Group Locations for an User Group Assignment for an User",
            "items": {
              "$ref": "#/components/schemas/UserGroupLocationRelation"
            }
          }
        }
      },
      "UserGroupLocationRelation": {
        "type": "object",
        "required": [
          "userGroupLocationRelId",
          "userGroupAssignmentId",
          "locationId"
        ],
        "properties": {
          "userGroupLocationRelId": {
            "type": "string",
            "format": "UUID",
            "description": "Unique identifier of the User Group Location Location",
            "example": "b5d06bfb-1640-43e9-b4c0-2f2daf78fcbc"
          },
          "userGroupAssignmentId": {
            "type": "string",
            "format": "89ac4fd9-2a50-4598-a5ee-da871d6b2a48",
            "description": "Id of the User Group Assignment linking User Group Location",
            "example": "a2248fe0-714e-43c6-a171-435003adaebe"
          },
          "locationId": {
            "description": "Id of the Location linking LPRInbound and User Group Assignment Location",
            "example": "d5191b0d-cc2d-494f-adb8-37c71a51394b",
            "type": "string",
            "format": "UUID"
          },
          "userGroupLocationProductRelation": {
            "type": "array",
            "description": "List of User Group Locations for an User Group Assignment for an User",
            "items": {
              "$ref": "#/components/schemas/UserGroupLocationProductRelation"
            }
          }
        }
      },
      "UserGroupLocationProductRelation": {
        "type": "object",
        "required": [
          "userGroupLocationProductRelId",
          "userGroupLocationRelId",
          "productId"
        ],
        "properties": {
          "userGroupLocationProductRelId": {
            "type": "string",
            "format": "UUID",
            "description": "Unique identifier of the User Group Location for Product",
            "example": "50e34125-cde7-4748-84a0-39887e3f25ac"
          },
          "userGroupLocationRelId": {
            "type": "string",
            "format": "cd8403b2-555f-4104-96f7-cdddc9db4bb3",
            "description": "Id of the User Group Location linking User Group Location & Product",
            "example": "12321"
          },
          "productId": {
            "type": "string",
            "format": "UUID",
            "description": "Id of the Product linking product_master with User Group Location & Product",
            "example": "2b4a9be0-6f4c-4e0d-bbc5-e64d90dd1480"
          }
        }
      }
    },
    "securitySchemes": {
      "Some_Random_Api_Key": {
        "type": "openIdConnect",
        "openIdConnectUrl": "https://CMDS-HOST/auth/connect",
        "description": ""
      }
    }
  }
}
