{
  "openapi": "3.0.0",
  "info": {
    "description": "This swagger documentation describes requests raised from ORS to CMDS. CMDS Distribution Partner API needs to implement and be fully compliant with this specification",
    "version": "1.0",
    "title": "CMDS External",
    "license": {
      "name": "Private"
    }
  },
  "tags": [
    {
      "name": "Registration",
      "description": "Adding,updating and deleting the registration details"
    },
    {
      "name": "HealthCheck",
      "description": "Checking the health of service"
    },
    {
      "name": "LPR-Location",
      "description": "adding,updating and deleting the location details",
      "externalDocs": {
        "description": "Find out more",
        "url": "http://ielts-registration.io"
      }
    }
  ],
  "paths": {
    "/v1/booking/{bookingId}": {
      "delete": {
        "tags": ["Registration"],
        "summary": "delete registration request",
        "description": "INT-38 Cancels the booking",
        "parameters": [
          {
            "name": "bookingId",
            "in": "path",
            "description": "ID of the booking (Master data owner-CMDS).",
            "required": true,
            "schema": {
              "type": "integer"
            }
          }
        ],
        "responses": {
          "202": {
            "description": "Accepted"
          },
          "401": {
            "description": "Unauthorized"
          },
          "403": {
            "description": "Forbidden"
          },
          "404": {
            "description": "Not Found"
          }
        },
        "operationId": ""
      },
      "put": {
        "tags": ["Registration"],
        "description": "INT-38 updates the booking",
        "requestBody": {
          "content": {
            "application/json": {
              "schema": {
                "$ref": "#/components/schemas/UpdateRegistrationDetails"
              }
            }
          },
          "required": true
        },
        "responses": {
          "202": {
            "description": "Accepted",
            "content": {
              "application/json": {
                "schema": {
                  "$ref": "#/components/schemas/ResponseWithTransactionID"
                }
              }
            }
          },
          "400": {
            "description": "Invalid input",
            "content": {
              "application/json": {
                "schema": {
                  "$ref": "#/components/schemas/ErrorResponse"
                }
              }
            }
          },
          "401": {
            "description": "Unauthorized"
          },
          "403": {
            "description": "Forbidden"
          },
          "404": {
            "description": "Not Found"
          }
        }
      },
      "parameters": [
        {
          "schema": {
            "type": "string"
          },
          "name": "bookingId",
          "in": "path",
          "required": true
        },
        {
          "schema": {
            "type": "string",
            "format": "UUID"
          },
          "name": "externalTransactionId",
          "in": "header",
          "required": true
        },
        {
          "schema": {
            "type": "string",
            "format": "UUID"
          },
          "name": "connectionId",
          "in": "header",
          "required": false
        },
        {
          "schema": {
            "type": "string",
            "format": "UUID"
          },
          "name": "callbackURL",
          "in": "header",
          "required": true
        },
        {
          "schema": {
            "type": "string"
          },
          "name": "x-auth-token",
          "in": "header",
          "required": false
        },
        {
          "schema": {
            "type": "string"
          },
          "name": "x-access-token",
          "in": "header",
          "required": false
        }
      ]
    },
    "/v1/booking": {
      "post": {
        "tags": ["Registration"],
        "summary": "New registration request",
        "description": "INT-38 Creates a new booking",
        "requestBody": {
          "content": {
            "application/json": {
              "schema": {
                "$ref": "#/components/schemas/RegistrationDetails"
              }
            }
          },
          "required": true
        },
        "responses": {
          "202": {
            "description": "Accepted",
            "content": {
              "application/json": {
                "schema": {
                  "$ref": "#/components/schemas/ResponseWithTransactionID"
                }
              }
            }
          },
          "400": {
            "description": "Invalid request",
            "content": {
              "application/json": {
                "schema": {
                  "$ref": "#/components/schemas/ErrorResponse"
                }
              }
            }
          },
          "401": {
            "description": "Unauthorized"
          },
          "403": {
            "description": "Forbidden"
          }
        },
        "parameters": [
          {
            "schema": {
              "type": "string",
              "format": "UUID"
            },
            "name": "externalTransactionId",
            "in": "header",
            "required": true
          },
          {
            "schema": {
              "type": "string",
              "format": "UUID"
            },
            "name": "connectionId",
            "in": "header",
            "required": false
          },
          {
            "schema": {
              "type": "string",
              "format": "UUID"
            },
            "name": "callbackURL",
            "in": "header",
            "required": true
          },
          {
            "schema": {
              "type": "string"
            },
            "name": "x-auth-token",
            "in": "header",
            "required": false
          },
          {
            "schema": {
              "type": "string"
            },
            "name": "x-access-token",
            "in": "header",
            "required": false
          }
        ]
      }
    },
    "/v1/bookingline/{bookingLineId}": {
      "put": {
        "tags": ["Registration"],
        "summary": "Update on existing Booking Line",
        "description": "INT-38 Updates selected BookingLine",
        "requestBody": {
          "content": {
            "application/json": {
              "schema": {
                "$ref": "#/components/schemas/BookingLineUpdate"
              }
            }
          },
          "required": true
        },
        "responses": {
          "202": {
            "description": "Accepted",
            "content": {
              "application/json": {
                "schema": {
                  "$ref": "#/components/schemas/ResponseWithTransactionID"
                }
              }
            }
          },
          "400": {
            "description": "Invalid input",
            "content": {
              "application/json": {
                "schema": {
                  "$ref": "#/components/schemas/ErrorResponse"
                }
              }
            }
          },
          "401": {
            "description": "Unauthorized"
          },
          "403": {
            "description": "Forbidden"
          },
          "404": {
            "description": "Not Found"
          }
        }
      },
      "parameters": [
        {
          "schema": {
            "type": "string",
            "format": "UUID"
          },
          "name": "bookingLineId",
          "in": "path",
          "required": true
        },
        {
          "schema": {
            "type": "string",
            "format": "UUID"
          },
          "name": "externalTransactionId",
          "in": "header",
          "required": true
        },
        {
          "schema": {
            "type": "string",
            "format": "UUID"
          },
          "name": "connectionId",
          "in": "header",
          "required": false
        },
        {
          "schema": {
            "type": "string",
            "format": "UUID"
          },
          "name": "callbackURL",
          "in": "header",
          "required": true
        },
        {
          "schema": {
            "type": "string"
          },
          "name": "x-auth-token",
          "in": "header",
          "required": false
        },
        {
          "schema": {
            "type": "string"
          },
          "name": "x-access-token",
          "in": "header",
          "required": false
        }
      ]
    },
    "/healthcheck": {
      "get": {
        "tags": ["HealthCheck"],
        "summary": "Runs a healthcheck to see if the service is up",
        "responses": {
          "200": {
            "description": "OK"
          },
          "401": {
            "description": "Unauthorized"
          }
        },
        "description": "It is used to determine if API is live and if the authentication works fine"
      }
    },
    "/v1/location": {
      "post": {
        "tags": ["LPR- Add Location"],
        "summary": "Creates and Requests approval for location hierarchy",
        "description": "INT-58 - Creates a request for approval of the whole location hierarchy. Requesting partner system may create in this request any level of the location hierarchy starting from Test Centre and going down. (i.e. it is possible to send this request to create just a room within an existing building)",
        "requestBody": {
          "content": {
            "application/json": {
              "schema": {
                "$ref": "#/components/schemas/LocationNode"
              }
            }
          },
          "required": true
        },
        "responses": {
          "202": {
            "description": "Accepted",
            "content": {
              "application/json": {
                "schema": {
                  "$ref": "#/components/schemas/ResponseWithTransactionID"
                }
              }
            }
          },
          "400": {
            "description": "Invalid input",
            "content": {
              "application/json": {
                "schema": {
                  "$ref": "#/components/schemas/ErrorResponse"
                }
              }
            }
          },
          "401": {
            "description": "Unauthorized"
          },
          "403": {
            "description": "Forbidden"
          }
        }
      },
      "parameters": [
        {
          "schema": {
            "type": "string",
            "format": "UUID"
          },
          "name": "externalTransactionId",
          "in": "header",
          "required": true
        },
        {
          "schema": {
            "type": "string",
            "format": "UUID"
          },
          "name": "connectionId",
          "in": "header",
          "required": false
        },
        {
          "schema": {
            "type": "string",
            "format": "UUID"
          },
          "name": "callbackURL",
          "in": "header",
          "required": true
        },
        {
          "schema": {
            "type": "string"
          },
          "name": "x-auth-token",
          "in": "header",
          "required": false
        },
        {
          "schema": {
            "type": "string"
          },
          "name": "x-access-token",
          "in": "header",
          "required": false
        }
      ]
    }
  },
  "servers": [
    {
      "url": "https://CMDS-HOST"
    }
  ],
  "components": {
    "schemas": {
      "LocationHierarchyAddress": {
        "type": "object",
        "required": [
          "address1Line",
          "address2Line",
          "addressType",
          "city",
          "countryCode",
          "stateProvince",
          "zipPostcode"
        ],
        "properties": {
          "addressType": {
            "type": "string",
            "description": "Category of the address",
            "enum": ["POSTAL", "PHYSICAL"]
          },
          "address1Line": {
            "type": "string",
            "description": "First line of the address",
            "example": "GPO BOX 1515"
          },
          "address2Line": {
            "type": "string",
            "description": "Second line of the address",
            "example": "The Test Building"
          },
          "address3Line": {
            "type": "string",
            "description": "Third line of the address"
          },
          "address4Line": {
            "type": "string",
            "description": "Fourth line of the address"
          },
          "city": {
            "type": "string",
            "description": "Name of the City",
            "example": "Melbourne"
          },
          "stateProvince": {
            "type": "string",
            "description": "Name of the City or Province",
            "example": "b32a82a0-693c-4dfd-824f-962784f8bf7d"
          },
          "zipPostcode": {
            "type": "string",
            "description": "postcode or zipcode of the address",
            "example": 3000
          },
          "countryCode": {
            "type": "string",
            "description": "Three letter code of the country",
            "example": "AUS"
          }
        }
      },
      "DispatchMaterial": {
        "type": "object",
        "required": ["materialId", "quantity"],
        "properties": {
          "materialId": {
            "type": "string",
            "format": "UUID",
            "description": "Material ID"
          },
          "quantity": {
            "type": "number",
            "description": "quantity"
          }
        }
      },
      "LocationHierarchyApprovedProduct": {
        "type": "object",
        "required": ["authorisedBy", "authorisedStartTime", "productId"],
        "properties": {
          "authorisedStartTime": {
            "type": "string",
            "format": "dateTime",
            "description": "Start Date from which the product is authorised",
            "example": "2020-07-01T00:00:00.000Z"
          },
          "suspendedTime": {
            "type": "string",
            "format": "dateTime",
            "description": "Date from which the product is suspended"
          },
          "authorisedBy": {
            "type": "string",
            "description": "Email of the staff who has authorised the product"
          },
          "productId": {
            "type": "string",
            "format": "UUID",
            "description": "Product ID of the approved product",
            "example": "b32a82a0-693c-4dfd-824f-962784f8bf7d"
          }
        }
      },
      "LocationNode": {
        "type": "object",
        "required": ["locationName", "locationStatus", "locationType"],
        "properties": {
          "locationId": {
            "type": "string",
            "description": "Unique ID of the Location Node ",
            "example": "b42a82a0-693c-4dfd-824f-962784f8bf7d"
          },
          "locationType": {
            "type": "string",
            "description": "Speecifies the type of Location",
            "enum": [
              "GLOBAL",
              "PARTNER",
              "TEST_CENTRE",
              "VIRTUAL_BUILDING",
              "PHYSICAL_BUILDING",
              "ROOM"
            ]
          },
          "locationName": {
            "type": "string",
            "description": "Name of the Location",
            "example": "IETLS GLOBAL"
          },
          "partnerCode": {
            "type": "string",
            "description": "Values are IDP/BC/CA",
            "enum": ["IDP", "BC", "CA", "IELTS_USA"]
          },
          "parentLocationId": {
            "type": "string",
            "description": "Unique ID of parent Loc node ",
            "example": "b32a82a0-693c-4dfd-824f-962784f8cf7d"
          },
          "externalReferenceId": {
            "type": "string",
            "format": "UUID",
            "description": "External Reference Id of the Location in the ORS system",
            "example": "b32a72a0-693c-4dfd-824f-962784f8cf7d"
          },
          "testCentreId": {
            "type": "string",
            "description": "Id of the Test Centre. It should be filled only when locationType == TC",
            "example": "AA002"
          },
          "locationStatus": {
            "type": "string",
            "description": "Specifies the status of the request",
            "enum": ["ACTIVE", "SUSPENDED", "INACTIVE"]
          },
          "requestStatus": {
            "type": "string",
            "description": "Specifies the status of the request",
            "enum": ["PENDING", "APPROVED", "REJECTED"]
          },
          "approverNotes": {
            "type": "string",
            "description": "Additional notes entered by the approver"
          },
          "requestNotes": {
            "type": "string",
            "description": "Additional notes entered by the Requestor"
          },
          "addresses": {
            "type": "array",
            "description": "List of various addresses of Location",
            "items": {
              "$ref": "#/components/schemas/LocationHierarchyAddress"
            }
          },
          "approvedProducts": {
            "type": "array",
            "description": "List of products for which the location is eligible to conduct tests",
            "items": {
              "$ref": "#/components/schemas/LocationHierarchyApprovedProduct"
            }
          },
          "administratorId": {
            "type": "string",
            "format": "UUID",
            "description": "Staff ID from Staff Mgmt",
            "example": "b32a82a0-693c-4dfd-824f-962784f8cf7d"
          },
          "localTimezone": {
            "type": "string",
            "description": "Canonical - The primary, preferred zone name",
            "example": "UTC"
          },
          "approvedTime": {
            "type": "string",
            "description": "Approved time",
            "example": "2020-07-01T00:00:00.000Z"
          },
          "dispatchmaterial": {
            "$ref": "#/components/schemas/DispatchMaterial"
          },
          "offlineTesting": {
            "type": "boolean"
          },
          "ieltszone": {
            "type": "integer",
            "format": "int32"
          },
          "email": {
            "type": "string",
            "example": "test@test.com"
          },
          "primaryPhone": {
            "type": "string",
            "description": "Primary phone number of Test Centre",
            "example": "+44 (0)1553 111111"
          },
          "secondaryPhone": {
            "type": "string",
            "example": "+44 (0)1553 111111"
          },
          "website": {
            "type": "string",
            "example": "https://www.test.org.uk/"
          },
          "pbAllocationGroupID": {
            "type": "string"
          }
        }
      },
      "UpdateRegistrationDetails": {
        "type": "object",
        "properties": {
          "locationId": {
            "type": "string",
            "description": "ID of the location.(Master data owner-CMDS)"
          },
          "bookingDetailStatus": {
            "type": "string",
            "enum": ["INCOMPLETE", "COMPLETE"]
          },
          "marketingInfo": {
            "$ref": "#/components/schemas/MarketingInfo"
          },
          "testTaker": {
            "$ref": "#/components/schemas/TestTakerDetails"
          },
          "bookingLines": {
            "type": "array",
            "items": {
              "$ref": "#/components/schemas/PutBookingLine"
            }
          },
          "agentName": {
            "type": "string"
          },
          "orsConsentGiven": {
            "type": "boolean"
          },
          "specialArrangementsRequired": {
            "type": "boolean",
            "example": true
          }
        }
      },
      "RegistrationDetails": {
        "type": "object",
        "description": "",
        "properties": {
          "productId": {
            "type": "string",
            "description": "CMDS Id of the product"
          },
          "locationId": {
            "type": "string",
            "description": "ID of the location.(Master data owner-CMDS)"
          },
          "testDate": {
            "type": "string",
            "description": "Date of the Test (YYYY-MM-DD)",
            "format": "date",
            "example": "2020-01-01"
          },
          "externalBookingId": {
            "type": "string",
            "description": "ID of the booking of the Partner system.(Master data owner-ORS)"
          },
          "bookingDetailStatus": {
            "type": "string",
            "enum": ["INCOMPLETE", "COMPLETE"]
          },
          "bookingStatus": {
            "type": "string",
            "enum": ["PAID", "CANCELLED"]
          },
          "agentName": {
            "type": "string",
            "example": "The Agency Inc."
          },
          "orsConsentGiven": {
            "type": "boolean",
            "example": true
          },
          "specialArrangementsRequired": {
            "type": "boolean",
            "example": true
          },
          "marketingInfo": {
            "$ref": "#/components/schemas/MarketingInfo"
          },
          "testTaker": {
            "$ref": "#/components/schemas/TestTakerDetails"
          },
          "bookingLines": {
            "type": "array",
            "items": {
              "$ref": "#/components/schemas/BookingLine"
            }
          }
        },
        "required": [
          "productId",
          "locationId",
          "testDate",
          "externalBookingId",
          "bookingStatus",
          "bookingDetailStatus"
        ]
      },
      "TestTakerDetails": {
        "type": "object",
        "description": "",
        "properties": {
          "externalTestTakerId": {
            "type": "string",
            "description": "Id of the test taker in the partner system (Master data owner - ORS), ignored in the update request",
            "example": "1234"
          },
          "identityNumber": {
            "type": "string",
            "description": "Number in the test takers identification document ( passport number, driving license number )",
            "example": "AB12314"
          },
          "identityType": {
            "description": "Reference Data Id matching the CMDS unique id for the identity type",
            "type": "string"
          },
          "identityVerificationStatus": {
            "type": "string",
            "default": "INCOMPLETE",
            "description": "Status of the verification of the TT identity documents. Master of this data is the ORS",
            "enum": ["INCOMPLETE", "UNVERIFIED", "VERIFIED"],
            "example": "INCOMPLETE"
          },
          "identityIssuingAuthority": {
            "type": "string",
            "description": "Organisation or Institution which issues the Identity document"
          },
          "identityExpiryDate": {
            "type": "string",
            "description": "Date at which identity document gets expired",
            "format": "date",
            "example": "2020-01-01"
          },
          "firstName": {
            "type": "string",
            "description": "first name of the Test taker",
            "example": "Alan"
          },
          "lastName": {
            "type": "string",
            "description": "last name of the Test taker",
            "example": "Davies"
          },
          "dob": {
            "type": "string",
            "description": "Date of Birth of the Test taker as per identification Document",
            "format": "date",
            "example": "1900-01-01"
          },
          "sex": {
            "type": "string",
            "description": "Reference Data Id matching the CMDS unique id for the Gender of the Test taker"
          },
          "email": {
            "type": "string",
            "description": "email id of the Test taker",
            "example": "alan@gmail.com"
          },
          "title": {
            "type": "string",
            "description": "Reference Data Id matching the CMDS unique id for the title entity"
          },
          "telephone": {
            "type": "string",
            "description": "Telephone number of the Test taker",
            "example": "+1 234566778"
          },
          "mobile": {
            "type": "string",
            "description": "Mobile number of the Test taker",
            "example": "1234567890"
          },
          "languageId": {
            "type": "string",
            "description": "Reference Data Id matching the CMDS unique id for the  language"
          },
          "nationalityId": {
            "type": "string",
            "description": "Reference Data Id matching the CMDS unique id for the Nationality"
          },
          "notes": {
            "type": "string",
            "description": "Extra notes"
          },
          "address": {
            "$ref": "#/components/schemas/CMDSAddress"
          }
        },
        "required": ["externalTestTakerId", "identityVerificationStatus"]
      },
      "MarketingInfo": {
        "type": "object",
        "properties": {
          "educationLevel": {
            "type": "string",
            "description": "Reference Data Id matching the CMDS unique id for the Education level of the Test Taker"
          },
          "yearsOfStudy": {
            "type": "string",
            "description": "Reference Data Id matching the CMDS unique id for the No of years"
          },
          "occupationSector": {
            "type": "string",
            "description": "Reference Data Id matching the CMDS unique id for the Occupation sector of the Test taker"
          },
          "occupationLevel": {
            "type": "string",
            "description": "Reference Data Id matching the CMDS unique id for the Occupation level of the Test taker"
          },
          "reasonForTest": {
            "type": "string",
            "description": " Reference Data Id matching the CMDS unique id for theReasons for Test by test taker"
          },
          "applyingToCountry3code": {
            "type": "string",
            "description": "Reference Data Id matching the CMDS unique id for the country",
            "example": "AUS"
          },
          "currentEnglishStudyPlace": {
            "type": "string",
            "example": "DJ Uni.",
            "description": "Test taker's place of studying English"
          },
          "occupationSectorOther": {
            "type": "string",
            "description": "Other occupation sectors of the Test taker (This field needs confirmation)"
          },
          "occupationLevelOther": {
            "type": "string",
            "description": "Other Occupation levels of Test taker (This field needs confirmation)"
          },
          "reasonForTestOther": {
            "type": "string",
            "description": "Other reasons for Test by test taker (This field needs confirmation)"
          },
          "countryApplyingToOther": {
            "type": "string",
            "description": "Other Countries to which the test taker is applying for (This field needs confirmation)",
            "example": "GBR"
          }
        }
      },
      "CMDSAddress": {
        "type": "object",
        "properties": {
          "streetAddress1": {
            "type": "string",
            "description": "First line of address",
            "example": "15"
          },
          "streetAddress2": {
            "type": "string",
            "description": "Second line of address",
            "example": "King Street"
          },
          "streetAddress3": {
            "type": "string",
            "description": "Third line of address",
            "example": ""
          },
          "streetAddress4": {
            "type": "string",
            "description": "Forth line of address",
            "example": ""
          },
          "state": {
            "type": "string",
            "description": "Reference Data Id matching the CMDS unique id for the territory"
          },
          "postalCode": {
            "type": "string",
            "description": "Postcode or Zipcode of the address",
            "example": "1234"
          },
          "city": {
            "type": "string",
            "description": "City specified in the address",
            "example": "Melbourne"
          },
          "countryId": {
            "type": "string",
            "description": "Reference Data Id matching the CMDS unique id for the Country",
            "example": "AUS"
          }
        },
        "required": ["streetAddress1", "countryId"]
      },
      "BookingLine": {
        "type": "object",
        "description": "",
        "properties": {
          "externalBookingLineId": {
            "type": "string",
            "example": "1233",
            "description": "BookingLineId assigned by ORS"
          },
          "startTimeUTC": {
            "type": "string",
            "format": "date-time",
            "description": "starting time of the specific child component of the test for the candidate in UTC"
          },
          "startTimeLocal": {
            "type": "string",
            "format": "date-time",
            "description": "starting time of the specific child component of the test for the candidate in Local time zone"
          },
          "extraTimeMinutes": {
            "type": "integer",
            "description": "Extra time in minutes required by the test taker",
            "example": 15
          },
          "productId": {
            "description": "Id of the product (Master data - CMDS)",
            "type": "string"
          },
          "status": {
            "type": "string",
            "enum": ["EXEMPT", "ACTIVE"],
            "description": "if test taker is exempted from the booking line of the Product Id",
            "example": "ACTIVE"
          }
        },
        "required": [
          "externalBookingLineId",
          "startTimeUTC",
          "startTimeLocal",
          "productId"
        ]
      },
      "PutBookingLine": {
        "type": "object",
        "properties": {
          "bookingLineId": {
            "type": "string",
            "description": "Unique identifier assigned by CMDS (Master data - CMDS), ignored in case of direct booking line update",
            "example": "12345"
          },
          "externalBookingLineId": {
            "type": "string",
            "example": "1233",
            "description": "external BookingLine id (Master data - ORS)"
          },
          "startTimeUTC": {
            "type": "string",
            "format": "date-time",
            "description": "starting time of the specific child component of the test for the candidate in UTC"
          },
          "startTimeLocal": {
            "type": "string",
            "format": "date-time",
            "description": "starting time of the specific child component of the test for the candidate in Local time zone"
          },
          "extraTimeMinutes": {
            "type": "integer",
            "description": "Extra time in minutes required by the test taker",
            "example": 15
          },
          "status": {
            "type": "string",
            "enum": ["EXEMPT", "ACTIVE"],
            "description": "if test taker is exempted from the booking line of the Product Id",
            "example": "ACTIVE"
          }
        },
        "required": [
          "bookingLineId",
          "externalBookingLineId",
          "startTimeUTC",
          "startTimeLocal"
        ]
      },
      "BookingLineUpdate": {
        "type": "object",
        "properties": {
          "startTimeUTC": {
            "type": "string",
            "format": "date-time",
            "description": "starting time of the specific child component of the test for the candidate in UTC"
          },
          "startTimeLocal": {
            "type": "string",
            "format": "date-time",
            "description": "starting time of the specific child component of the test for the candidate in Local time zone"
          },
          "extraTimeMinutes": {
            "type": "integer",
            "description": "Extra time in minutes required by the test taker",
            "example": 15
          },
          "status": {
            "type": "string",
            "enum": ["EXEMPT", "ACTIVE"],
            "description": "if test taker is exempted from the booking line of the Product Id",
            "example": "ACTIVE"
          }
        }
      },
      "ResponseWithTransactionID": {
        "type": "object",
        "properties": {
          "transactionId": {
            "type": "string",
            "description": "Unique identifier for the transaction."
          }
        }
      },
      "ErrorResponse": {
        "title": "ErrorResponse",
        "type": "object",
        "x-examples": {
          "Error Response": {
            "errorList": [
              {
                "interface": "CreateBooking",
                "type": "validation",
                "code": "1234",
                "ticketId": "5c22b7c2091955c7926172f00a480b81",
                "source": {
                  "pointer": "productId",
                  "model": "RegistrationDetails"
                },
                "detail": "A required field was provided without any value",
                "title": "Mandatory field missing data"
              }
            ]
          }
        },
        "description": "Data model of the ErrorResponse. It can be both sync and async",
        "properties": {
          "errorList": {
            "type": "array",
            "items": {
              "type": "object",
              "properties": {
                "interface": {
                  "type": "string",
                  "description": "Name of the interface that raised the Error. It's mostly name of the Service"
                },
                "type": {
                  "type": "string",
                  "description": "Type of the error. Possible values: validation, processing, system, other..."
                },
                "code": {
                  "type": "string",
                  "description": "The code identifying the error. Need to have an agreed list of error codes. Optional."
                },
                "ticketId": {
                  "type": "string",
                  "description": "TicketId assigned by some ticketing system. It may be empty when it's a sync validation response."
                },
                "source": {
                  "type": "object",
                  "description": "Dynamic data object that can point out where was the problem in the request. If there is more fields that can be used to identify issue, then they can be added here freely",
                  "properties": {
                    "pointer": {
                      "type": "string",
                      "description": "Name of the problematic field. It should also point field even inside bigger structures (i.e. objA.fields[0].field)"
                    },
                    "model": {
                      "type": "string",
                      "description": "Explains which Data Model was used to validate particular data request"
                    }
                  }
                },
                "details": {
                  "type": "string",
                  "description": ""
                },
                "title": {
                  "type": "string"
                }
              },
              "required": ["interface", "type", "details", "title"]
            }
          }
        }
      },
      "RoSelection": {
        "title": "RoSelection",
        "type": "object",
        "properties": {
          "roSelectionId": {
            "type": "number",
            "description": "Ro Selection Id assigned by the CMDS. If empty, we assume this is a new RO Selection"
          },
          "externalRoSelectionId": {
            "type": "string",
            "description": "Ro Selection Id assigned by the ORS system"
          },
          "roId": {
            "type": "number"
          },
          "confirmationStatus": {
            "type": "string",
            "enum": ["Confirmed", "Unconfirmed", "Conditional", "Withdrawn"]
          },
          "statusChangeDate": {
            "type": "string",
            "description": "DateTime (in UTC) when user changed confirmationStatus of this selection",
            "format": "date-time",
            "example": "2020-01-01T00:00:00Z"
          },
          "selectionDateTime": {
            "type": "string",
            "description": "DateTime (in UTC) when user initially selected this RO",
            "format": "date-time",
            "example": "2020-01-01T00:00:00Z"
          },
          "contactName": {
            "type": "string",
            "example": "Dr Who"
          },
          "fileNumber": {
            "type": "string",
            "example": "00231"
          }
        },
        "required": [
          "externalRoSelectionId",
          "roId",
          "confirmationStatus",
          "selectionDateTime",
          "contactName"
        ]
      },
      "NewRoRequest": {
        "title": "NewRoRequest",
        "type": "object",
        "x-examples": {},
        "description": "",
        "properties": {
          "name": {
            "type": "string",
            "description": "Name of the organization"
          },
          "countryISO3code": {
            "description": "ISO3Code of the country where the organization is located",
            "type": "string"
          },
          "externalRoId": {
            "type": "string",
            "description": "Id of the RO in the ORS system"
          },
          "addressLine1": {
            "type": "string"
          },
          "addressLine2": {
            "type": "string"
          },
          "addressLine3": {
            "type": "string"
          },
          "addressLine4": {
            "type": "string"
          },
          "town": {
            "type": "string"
          },
          "state": {
            "type": "string"
          },
          "postalCode": {
            "type": "string",
            "description": "Postal code of the RO"
          },
          "localLanguageId": {
            "type": "string",
            "description": "ISO3Code of the Language"
          },
          "organizationCode": {
            "type": "string",
            "description": "Code that can be used to identify the organization"
          },
          "contactEmail": {
            "type": "string"
          },
          "phoneNumber": {
            "type": "string"
          },
          "websiteUrl": {
            "type": "string"
          },
          "recipient": {
            "type": "object",
            "description": "Details of the actual recipient that will receive TRF. Only name is meaningful. All fields are optional as well the recipient field itself",
            "properties": {
              "name": {
                "type": "string",
                "description": "Person's or Department's name"
              },
              "title": {
                "type": "string",
                "description": "title of the recipient"
              },
              "givenName": {
                "type": "string",
                "description": "Given name of the recipient"
              },
              "lastName": {
                "type": "string",
                "description": "Last name of the recipient"
              },
              "jobTitle": {
                "type": "string",
                "description": "Job title of the recipient"
              },
              "department": {
                "type": "string",
                "description": "Department of the recipient user"
              },
              "subDepartment": {
                "type": "string",
                "description": "Sub-Department of the recipient user"
              },
              "additionalInformation": {
                "type": "string",
                "description": "Additional information about recipient user"
              },
              "contactAddress": {
                "type": "string",
                "description": "Contact address of the recipient user"
              },
              "countryId": {
                "type": "string",
                "description": "ISO3Code of the country"
              },
              "addressLine1": {
                "type": "string",
                "example": "1,Kings Street"
              },
              "addressLine2": {
                "type": "string"
              },
              "addressLine3": {
                "type": "string"
              },
              "addressLine4": {
                "type": "string"
              },
              "addressLine5": {
                "type": "string"
              },
              "addressLine6": {
                "type": "string"
              },
              "town": {
                "type": "string"
              },
              "state": {
                "type": "string"
              },
              "postalCode": {
                "type": "string",
                "example": "AB1 XY2"
              },
              "email": {
                "type": "string",
                "example": "+1 234 234 3456"
              },
              "phoneNumber": {
                "type": "string",
                "example": "alan@gmail.com"
              },
              "specialInstructions": {
                "type": "string"
              }
            }
          }
        },
        "required": ["name", "countryISO3code", "externalRoId", "addressLine1"]
      },
      "UserList": {
        "type": "array",
        "items": {
          "$ref": "#/components/schemas/SearchUser"
        }
      },
      "SearchUser": {
        "type": "object",
        "required": [
          "userId",
          "givenName",
          "familyName",
          "email",
          "phoneNumber",
          "emailVerified",
          "phoneVerified",
          "userStatus"
        ],
        "properties": {
          "userId": {
            "type": "string",
            "format": "UUID",
            "description": "Unique identifier of the User",
            "example": "b32a82a0-693c-4dfd-824f-962784f8bf7d"
          },
          "givenName": {
            "type": "string",
            "description": "Given name of the User",
            "example": "Steve"
          },
          "familyName": {
            "type": "string",
            "description": "Faimly name of the User",
            "example": "Smith"
          },
          "nickname": {
            "type": "string",
            "description": "Nick name of the User",
            "example": "Nick"
          },
          "email": {
            "type": "string",
            "description": "email Id of the User",
            "example": "stevesmith@gmail.com"
          },
          "phoneNumber": {
            "type": "string",
            "description": "Phone number of the User",
            "example": "+1 234566778"
          },
          "emailVerified": {
            "type": "boolean",
            "description": "Email Verification has been done",
            "example": true
          },
          "phoneVerified": {
            "type": "boolean",
            "description": "Mobile Verification has been done",
            "example": true
          },
          "userStatus": {
            "type": "string",
            "enum": ["ACTIVE", "INACTIVE"],
            "description": "If User is ACTIVE/INACTIVE",
            "example": "ACTIVE"
          },
          "userGroupAssignments": {
            "type": "array",
            "description": "List of User Group Assignments for an User",
            "items": {
              "$ref": "#/components/schemas/UserGroupAssignment"
            }
          }
        }
      },
      "SystemRoleList": {
        "type": "array",
        "items": {
          "$ref": "#/components/schemas/SystemRole"
        }
      },
      "RegisterSystemRole": {
        "type": "object",
        "required": ["systemRoleName", "systemName"],
        "properties": {
          "systemRoleId": {
            "description": "Role Id of the System/Application (CMDS/INSPERA)",
            "example": "d9398c98-fc9c-47d1-9143-c3d199ebe2ac",
            "type": "string",
            "format": "UUID"
          },
          "systemRoleName": {
            "type": "string",
            "description": "Role defined for each System/Application (CMDS/INSPERA)",
            "example": "Chief Invigilator"
          },
          "systemRoleDescripton": {
            "type": "string",
            "description": "Description for System/Application (CMDS/INSPERA)",
            "example": "Chief Invigilator System/Application Role for Inspera"
          },
          "systemName": {
            "type": "string",
            "enum": ["INSPERA", "CMDS"],
            "description": "System/Application (CMDS/INSPERA) being linked for the SystemRole",
            "example": "INSPERA"
          },
          "effectiveFromDate": {
            "type": "string",
            "description": "Effective Start Date for the System/Application Role (YYYY-MM-DD)",
            "example": "2020-04-30T00:04:33Z"
          },
          "effectiveToDate": {
            "type": "string",
            "description": "Effective End Date for the System/Application Role (YYYY-MM-DD)",
            "example": "2020-04-30T00:04:33Z"
          }
        }
      },
      "SystemRole": {
        "type": "object",
        "required": ["systemRoleId", "systemRoleName", "systemName"],
        "properties": {
          "systemRoleId": {
            "description": "Role Id of the System/Application (CMDS/INSPERA)",
            "example": "d9398c98-fc9c-47d1-9143-c3d199ebe2ac",
            "type": "string",
            "format": "UUID"
          },
          "systemRoleName": {
            "type": "string",
            "description": "Role defined for each System/Application (CMDS/INSPERA)",
            "example": "Chief Invigilator"
          },
          "systemRoleDescripton": {
            "type": "string",
            "description": "Description for System/Application (CMDS/INSPERA)",
            "example": "Chief Invigilator System/Application Role for Inspera"
          },
          "systemName": {
            "type": "string",
            "enum": ["INSPERA", "CMDS"],
            "description": "System/Application (CMDS/INSPERA) being linked for the SystemRole",
            "example": "INSPERA"
          },
          "effectiveFromDate": {
            "type": "string",
            "description": "Effective Start Date for the System/Application Role (YYYY-MM-DD)",
            "example": "2020-04-30T00:04:33Z"
          },
          "effectiveToDate": {
            "type": "string",
            "description": "Effective End Date for the System/Application Role (YYYY-MM-DD)",
            "example": "2020-04-30T00:04:33Z"
          }
        }
      },
      "UpdateSystemRole": {
        "type": "object",
        "required": ["systemRoleId"],
        "properties": {
          "systemRoleId": {
            "description": "Role Id of the System/Application (CMDS/INSPERA)",
            "example": "d9398c98-fc9c-47d1-9143-c3d199ebe2ac",
            "type": "string",
            "format": "UUID"
          },
          "systemRoleName": {
            "type": "string",
            "description": "Role defined for each System/Application (CMDS/INSPERA)",
            "example": "Chief Invigilator"
          },
          "systemRoleDescripton": {
            "type": "string",
            "description": "Description for System/Application (CMDS/INSPERA)",
            "example": "Chief Invigilator System/Application Role for Inspera"
          },
          "systemName": {
            "type": "string",
            "enum": ["INSPERA", "CMDS"],
            "description": "System/Application (CMDS/INSPERA) being linked for the SystemRole",
            "example": "INSPERA"
          },
          "effectiveFromDate": {
            "type": "string",
            "description": "Effective Start Date for the System/Application Role (YYYY-MM-DD)",
            "example": "2020-04-30T00:04:33Z"
          },
          "effectiveToDate": {
            "type": "string",
            "description": "Effective End Date for the System/Application Role (YYYY-MM-DD)",
            "example": "2020-04-30T00:04:33Z"
          }
        }
      },
      "UserGroupList": {
        "type": "array",
        "items": {
          "$ref": "#/components/schemas/UserGroup"
        }
      },
      "UpdateUserGroupList": {
        "type": "array",
        "items": {
          "$ref": "#/components/schemas/UpdateUserGroup"
        }
      },
      "RegisterUserGroup": {
        "type": "object",
        "required": ["userGroupName"],
        "properties": {
          "userGroupName": {
            "type": "string",
            "description": "User Group mapping multiple System/Application (CMDS/INSPERA) Roles",
            "example": "Test Centre Administrator User Group in CMDS will be mapped to Chief Invigilator System Role in INSPERA"
          },
          "userGroupDescription": {
            "type": "string",
            "description": "Description of the User Group that will be setup in CMDS",
            "example": "Test Centre Administrator User Group in CMDS"
          },
          "effectiveFromDate": {
            "type": "string",
            "description": "Effective Start Date for the User Group (YYYY-MM-DD)",
            "example": "2020-04-30T00:04:33Z"
          },
          "effectiveToDate": {
            "type": "string",
            "description": "Effective End Date for the User Group (YYYY-MM-DD)",
            "example": "2020-04-30T00:04:33Z"
          }
        }
      },
      "UserGroup": {
        "type": "object",
        "required": ["userGroupId", "userGroupName"],
        "properties": {
          "userGroupId": {
            "description": "Unique identifier of the User Group of System/Application (CMDS/INSPERA)",
            "example": "90d091f8-57bb-4932-b75c-963d402d8c0f",
            "type": "string",
            "format": "UUID"
          },
          "userGroupName": {
            "type": "string",
            "description": "User Group mapping multiple System/Application (CMDS/INSPERA) Roles",
            "example": "Test Centre Administrator User Group in CMDS will be mapped to Chief Invigilator System Role in INSPERA"
          },
          "userGroupDescription": {
            "type": "string",
            "description": "Description of the User Group that will be setup in CMDS",
            "example": "Test Centre Administrator User Group in CMDS"
          },
          "effectiveFromDate": {
            "type": "string",
            "description": "Effective Start Date for the User Group (YYYY-MM-DD)",
            "example": "2020-04-30T00:04:33Z"
          },
          "effectiveToDate": {
            "type": "string",
            "description": "Effective End Date for the User Group (YYYY-MM-DD)",
            "example": "2020-04-30T00:04:33Z"
          }
        }
      },
      "UpdateUserGroup": {
        "type": "object",
        "required": ["userGroupId", "userGroupName"],
        "properties": {
          "userGroupId": {
            "description": "Unique identifier of the User Group of System/Application (CMDS/INSPERA)",
            "example": "90d091f8-57bb-4932-b75c-963d402d8c0f",
            "type": "string",
            "format": "UUID"
          },
          "userGroupName": {
            "type": "string",
            "description": "User Group mapping multiple System/Application (CMDS/INSPERA) Roles",
            "example": "Test Centre Administrator User Group in CMDS will be mapped to Chief Invigilator System Role in INSPERA"
          },
          "userGroupDescription": {
            "type": "string",
            "description": "Description of the User Group that will be setup in CMDS",
            "example": "Test Centre Administrator User Group in CMDS"
          },
          "effectiveFromDate": {
            "type": "string",
            "description": "Effective Start Date for the User Group (YYYY-MM-DD)",
            "example": "2020-04-30T00:04:33Z"
          },
          "effectiveToDate": {
            "type": "string",
            "description": "Effective End Date for the User Group (YYYY-MM-DD)",
            "example": "2020-04-30T00:04:33Z"
          }
        }
      },
      "UserGroupSystemRoleRelationList": {
        "type": "array",
        "items": {
          "$ref": "#/components/schemas/UserGroupSystemRoleRelation"
        }
      },
      "UserGroupSystemRoleRelation": {
        "type": "object",
        "required": ["userGroupSysRoleRelId", "userGroupId", "systemRoleId"],
        "properties": {
          "userGroupSysRoleRelId": {
            "description": "Unique identifier of linking User Group & System Role Relation for System/Application (CMDS/INSPERA)",
            "example": "38ed8502-3418-4b1a-94b5-544817ca4ccc",
            "type": "string",
            "format": "UUID"
          },
          "userGroupId": {
            "description": "Unique identifier of the User Group for System/Application (CMDS/INSPERA)",
            "example": "3bf140a6-0270-4b96-8423-f0945f980dfc",
            "type": "string",
            "format": "UUID"
          },
          "systemRoleId": {
            "description": "Id of the System Role linking User Group & System Role Mapping",
            "example": "9a90bad3-3eb5-4885-97e9-0f831f5d027c",
            "type": "string",
            "format": "UUID"
          },
          "effectiveFromDate": {
            "type": "string",
            "description": "Effective Start Date for the User Group (YYYY-MM-DD)",
            "example": "2020-04-30T00:04:33Z"
          },
          "effectiveToDate": {
            "type": "string",
            "description": "Effective End Date for the User Group (YYYY-MM-DD)",
            "example": "2020-04-30T00:04:33Z"
          }
        }
      },
      "LocationList": {
        "type": "array",
        "items": {
          "$ref": "#/components/schemas/Location"
        }
      },
      "Location": {
        "type": "object",
        "description": "This will hold the list of locations to be populated for Staff Management UI",
        "properties": {
          "locationId": {
            "type": "string",
            "format": "UUID",
            "description": "Unique identifier of the Location",
            "example": "ba11f1e7-f7c9-4c5b-bc95-2c484bf8fe83"
          },
          "testCentre": {
            "type": "string",
            "description": "Test Centre Location (Global/Hub/Test Centre/Building/Room)",
            "example": "AU240 - IDP IELTS Test Australia"
          },
          "testCentreLocation": {
            "type": "string",
            "description": "Type of Location (Global/Hub/Test Centre/Building/Room)",
            "example": "345 - Melbourne CD"
          }
        }
      }
    },
    "securitySchemes": {
      "Some_Random_Api_Key": {
        "type": "openIdConnect",
        "openIdConnectUrl": "https://CMDS-HOST/auth/connect",
        "description": ""
      }
    }
  }
}
