{
  "openapi": "3.0.0",
  "info": {
    "description": "This swagger documentation describes addition and updation of Test Taker details from CMDS to ORS. ORS needs to exposed an API that is fully compliant with this specification",
    "version": "1.0",
    "title": "ORS",
    "license": {
      "name": "Private"
    }
  },
  "paths": {
    "/booking": {
      "post": {
        "tags": [
          "Registration"
        ],
        "summary": "Receives response for Booking Creation/Update from CMDS",
        "description": "INT-38 Receives response for Booking Creation/Update from CMDS",
        "requestBody": {
          "content": {
            "application/json": {
              "schema": {
                "$ref": "#/components/schemas/TestTakerResponse"
              }
            }
          },
          "description": "Response from CMDS for the Booking Creation or Update request",
          "required": true
        },
        "responses": {
          "202": {
            "description": "Accepted"
          },
          "400": {
            "description": "Invalid request"
          },
          "401": {
            "description": "Unauthorized"
          },
          "403": {
            "description": "Forbidden"
          }
        }
      }
    },
    "/booking/update": {
      "post": {
        "tags": [
          "Registration"
        ],
        "summary": "Response as a result of updated booking request",
        "description": "INT-38 Entries",
        "requestBody": {
          "required": true,
          "content": {
            "application/json": {
              "schema": {
                "$ref": "#/components/schemas/TestTakerResponse"
              }
            }
          }
        },
        "responses": {
          "202": {
            "description": "Accepted"
          },
          "400": {
            "description": "Invalid input"
          },
          "401": {
            "description": "Unauthorized"
          },
          "403": {
            "description": "Forbidden"
          }
        }
      }
    }
  },
  "servers": [
    {
      "url": "https://orsapi-mock.ielts.website",
      "description": "BC ORS Mock"
    },
    {
      "url": "https://cmds.api.tst.ielts.idp.com",
      "description": "IDP ORS Mock"
    }
  ],
  "components": {
    "schemas": {
      "TestTakerResponse": {
        "type": "object",
        "properties": {
          "bookingId": {
            "type": "string",
            "format":"UUID",
            "description": "Unique id generated for booking in CMDS"
          },
          "externalBookingId": {
            "type": "string",
            "description": "Unique id generated for booking in ORS"
          },
          "isVoid": {
            "type": "boolean",
            "example": false
          },
          "testTaker": {
            "type": "object",
            "properties": {
              "externalTestTakerId": {
                "type": "string",
                "description": "Id of the Test taker (Master data owner - ORS)",
                "example": "123"
              },
              "testTakerId": {
                "type": "string",
                "format" : "UUID",
                "description": "Unique Id of the Test taker (Master data owner - CMDS)"
              },
              "shortCandidateNumber": {
                "type": "integer",
                "description": "6 digit test taker number"
              },
              "compositeCandidateNumber": {
                "type": "string",
                "description": "<<TestCentreId>><<UK FINANCIAL YEAR YY FORMAT>><<shortCandidateNumber>>",
                "example": "AU24020123456"
              },
              "isBanned": {
                "type": "boolean",
                "example": false,
                "description": "Check if the test taker is banned"
              },
              "ukviReferenceId": {
                "type": "string",
                "description": "Id of the Test taker as per the UKVI"
              }
            }
          },
          "bookingLines": {
            "type": "array",
            "items": {
              "$ref": "#/components/schemas/BookingLineResponse"
            }
          }
        },
        "required": [
          "externalBookingId",
          "bookingId"
        ]
      },
      "BookingLineResponse": {
        "type": "object",
        "properties": {
          "bookingLineId": {
            "type": "string",
            "format": "UUID",
            "description": "Unique id of the Bookingline generated by CMDS"
          },
          "externalBookingLineId": {
            "type": "string",
            "example": "1233",
            "description": "Id of Booking line generated in ORS"
          },
          "startTimeUTC": {
            "type": "string",
            "format": "date-time",
            "description": "starting time of the specific child component of the test for the candidate in UTC"
          },
          "startTimeLocal": {
            "type": "string",
            "format": "date-time",
            "description": "starting time of the specific child component of the test for the candidate in Local time zone"
          },
          "endTimeUTC": {
            "type": "string",
            "format": "date-time",
            "description": "End time of the specific child component of the test for the candidate in UTC"
          },
          "endTimeLocal": {
            "type": "string",
            "format": "date-time",
            "description": "End time of the specific child component of the test for the candidate in Local time zone"
          },
          "extraTimeMinutes": {
            "type": "integer",
            "description": "Extra time in minutes required by the test taker",
            "example": 15
          },
          "productId": {
            "type": "string",
            "description": "Id of the product",
            "example": "CD-IELTS-GT-R"
          },
          "locationId": {
            "type": "string",
            "format" : "UUID",
            "description": "Id of the location [Master data CMDS]",
            "example": "AU241-3"
          },
          "isExempt": {
            "type": "boolean",
            "description": "if test taker is exempted from the booking line of the Product Id",
            "example": false
          }
        }
      },
      "BookingLineScore": {
        "title": "BookingLineScore",
        "type": "object",
        "x-examples": {
          "Sample": {
            "bookingLineId": 12345,
            "originalScore": "5.0",
            "eorScore": "6.5"
          }
        },
        "properties": {
          "bookingLineId": {
            "type": "integer"
          },
          "originalScore": {
            "type": "string",
            "description": "Original Score of the Component before the EOR"
          },
          "eorScore": {
            "type": "string",
            "description": "Score of the Component after applying EOR"
          }
        }
      },
      "ErrorRequest": {
        "title": "ErrorRequest",
        "type": "object",
        "description": "Data model of the ErrorResponse. It can be both sync and async",
        "x-examples": {
          "Error Response": {
            "errorList": [
              {
                "interface": "CreateBooking",
                "type": "validation",
                "code": "1234",
                "ticketId": "5c22b7c2091955c7926172f00a480b81",
                "source": {
                  "pointer": "productId",
                  "model": "RegistrationDetails"
                },
                "detail": "A required field was provided without any value",
                "title": "Mandatory field missing data"
              }
            ]
          }
        },
        "properties": {
          "errorList": {
            "type": "array",
            "items": {
              "type": "object",
              "properties": {
                "interface": {
                  "type": "string",
                  "description": "Name of the interface that raised the Error. It's mostly name of the Service"
                },
                "type": {
                  "type": "string",
                  "description": "Type of the error. Possible values: validation, processing, system, other...",
                  "enum": [
                    "Validation",
                    "Processing",
                    "System",
                    "Other"
                  ]
                },
                "code": {
                  "type": "string",
                  "description": "The code identifying the error. Need to have an agreed list of error codes. Optional."
                },
                "ticketId": {
                  "type": "string",
                  "description": "TicketId assigned by some ticketing system. It may be empty when it's a sync validation response.",
                  "example": "e1d65cfc067e5b8b917dae62fdd47a55"
                },
                "source": {
                  "type": "object",
                  "description": "Dynamic data object that can point out where was the problem in the request. If there is more fields that can be used to identify issue, then they can be added here freely",
                  "properties": {
                    "pointer": {
                      "type": "string",
                      "description": "Name of the problematic field. It should also point field even inside bigger structures (i.e. objA.fields[0].field)"
                    },
                    "model": {
                      "type": "string",
                      "description": "Explains which Data Model was used to validate particular data request"
                    }
                  }
                },
                "details": {
                  "type": "string",
                  "description": ""
                },
                "title": {
                  "type": "string"
                }
              },
              "required": [
                "interface",
                "type",
                "details",
                "title"
              ]
            }
          }
        }
      },
      "RoSelectionUpdate": {
        "title": "RoSelectionUpdate",
        "type": "object",
        "description": "",
        "properties": {
          "roSelectionId": {
            "type": "number",
            "description": "Id of Ro Selection assigned by CMDS",
            "example": 2322
          },
          "externalRoSelectionId": {
            "type": "string",
            "description": "Id of the Ro Selection assigned by ORS",
            "example": 3432432
          },
          "roId": {
            "type": "number",
            "description": "Id of Recognized Organization",
            "example": 34
          },
          "deliveryStatus": {
            "type": "string",
            "default": "Undelivered",
            "enum": [
              "Undelivered",
              "Delivered"
            ],
            "description": "Status of the Delivery"
          },
          "statusChangeDateTime": {
            "type": "string",
            "format": "date-time",
            "example": "2020-01-01T00:00:00Z",
            "description": "Date Time (in UTC) when Delivery Status changed"
          },
          "selectionDateTime": {
            "type": "string",
            "format": "date-time",
            "example": "2020-01-01T00:00:00Z",
            "description": "Date Time (in UTC) when Selection was made"
          }
        },
        "required": [
          "roSelectionId",
          "externalRoSelectionId",
          "deliveryStatus"
        ]
      },
      "GenericReferenceRecord": {
        "title": "GenericReferenceRecord",
        "type": "object",
        "properties": {
          "effectiveToDate": {
            "type": "string",
            "description": "The date till which the data is effective in YYYY-MM-DD format",
            "format": "date",
            "example": "2020-01-01"
          },
          "effectiveFromDate": {
            "type": "string",
            "description": "The date at which the data comes to effect in YYYY-MM-DD format",
            "format": "date",
            "example": "2020-01-01"
          },
          "referenceName": {
            "type": "string",
            "description": "Name of the reference record",
            "example": "Secondary up to 16 years"
          },
          "legacyReferenceId": {
            "type": "string",
            "description": "Legacy Id for the reference record used by the IWAS system",
            "example": "012"
          },
          "referenceId": {
            "description": "Id of the reference record",
            "example": 453452,
            "type": "number"
          }
        },
        "required": [
          "effectiveToDate",
          "effectiveFromDate",
          "referenceName",
          "referenceId"
        ]
      },
      "verifiedRODetails": {
        "type": "object",
        "required": [
          "name",
          "countryISO3code",
          "externalRoId",
          "addressLine1"
        ],
        "properties": {
          "name": {
            "type": "string",
            "description": "Name of Recognized Organization"
          },
          "countryISO3code": {
            "type": "string",
            "description": "ISO3Code of the country",
            "example": "AUS"
          },
          "externalRoId": {
            "type": "string",
            "description": "RoId in the ORS system",
            "example": "3423424"
          },
          "addressLine1": {
            "type": "string",
            "description": "First line of address - Mandatory",
            "example": "1, Kings Street"
          },
          "addressLine2": {
            "type": "string",
            "description": "Second line of address",
            "example": ""
          },
          "addressLine3": {
            "type": "string",
            "description": "Third line of address",
            "example": ""
          },
          "addressLine4": {
            "type": "string",
            "description": "Forth line of address",
            "example": ""
          },
          "town": {
            "type": "string",
            "description": "Town at which RO is located",
            "example": ""
          },
          "state": {
            "type": "string",
            "description": "State at which RO is located",
            "example": "VIC"
          },
          "postalCode": {
            "type": "string",
            "description": "State at which RO is located",
            "example": "AB1 XY2"
          },
          "localLanguageId": {
            "type": "string",
            "description": "ISO3Code of the Language",
            "example": "202"
          },
          "organizationCode": {
            "type": "string",
            "description": "Code that can be used to identify the organization",
            "example": "UCS123"
          },
          "websiteUrl": {
            "type": "string",
            "description": "Official website of the RO",
            "example": "http://www.officialxyz.com/"
          },
          "phoneNumber": {
            "type": "string",
            "description": "Official phone number of the RO",
            "example": "+11 2342 1232"
          },
          "contactEmail": {
            "type": "string",
            "example": "Contact email of the RO"
          },
          "recipient": {
            "type": "object",
            "required": [
              "name",
              "addressLine1"
            ],
            "description": "Details of the actual recipient that will receive TRF. Only name is meaningful. All fields are optional as well the recipient field itself",
            "properties": {
              "name": {
                "type": "string",
                "description": "Person\\'s or Department\\'s name",
                "example": "Alan Davis"
              },
              "title": {
                "type": "string",
                "description": "title of the person (Mr., Mrs., Dr.)",
                "example": "Mr."
              },
              "givenName": {
                "type": "string",
                "example": "Alan"
              },
              "lastName": {
                "type": "string",
                "example": "Davis"
              },
              "jobTitle": {
                "type": "string",
                "description": "Job title of the recipient user",
                "example": "Administrator"
              },
              "department": {
                "type": "string",
                "description": "Department of the recipient user"
              },
              "subDepartment": {
                "type": "string",
                "description": "Sub-Department of the recipient user"
              },
              "additionalInformation": {
                "type": "string",
                "description": "Additional information about recipient user (RO defined ReferenceCodes/ContactName/)"
              },
              "contactAddress": {
                "type": "string",
                "description": "Contact address of the recipient user"
              },
              "countryISO3code": {
                "type": "string",
                "description": "ISO3Code of the country of the recipient user",
                "example": "AUS"
              },
              "addressLine1": {
                "type": "string",
                "example": "1,Kings Street"
              },
              "addressLine2": {
                "type": "string",
                "example": ""
              },
              "addressLine3": {
                "type": "string",
                "example": ""
              },
              "addressLine4": {
                "type": "string",
                "example": ""
              },
              "addressLine5": {
                "type": "string",
                "example": ""
              },
              "addressLine6": {
                "type": "string",
                "example": ""
              },
              "town": {
                "type": "string",
                "example": ""
              },
              "state": {
                "type": "string",
                "example": "VIC"
              },
              "postalCode": {
                "type": "string",
                "example": "AB1 XY2"
              },
              "email": {
                "type": "string",
                "example": "alan@gmail.com"
              },
              "phoneNumber": {
                "type": "string",
                "example": "+1 234 234 3456"
              }
            }
          }
        }
      },
      "GenericIsoReferenceRecord": {
        "title": "GenericIsoReferenceRecord",
        "type": "object",
        "properties": {
          "referenceId": {
            "description": "ISO3Code of the Reference record",
            "example": 453452,
            "type": "number"
          },
          "legacyReferenceId": {
            "type": "string",
            "description": "Legacy Id for the reference record used by the IWAS system",
            "example": "012"
          },
          "referenceName": {
            "type": "string",
            "description": "Name of the reference record",
            "example": "Secondary up to 16 years"
          },
          "effectiveFromDate": {
            "type": "string",
            "description": "The date at which the data comes to effect in YYYY-MM-DD format",
            "format": "date",
            "example": "2020-01-01"
          },
          "efectiveToDate": {
            "type": "string",
            "description": "The date till which the data is effective in YYYY-MM-DD format",
            "format": "date",
            "example": "2020-01-01"
          },
          "iso3Code": {
            "type": "string",
            "description": "ISO3 code of the reference record"
          }
        },
        "required": [
          "referenceId",
          "referenceName",
          "effectiveFromDate",
          "efectiveToDate"
        ]
      },
      "ResultStatusUpdateRecord": {
        "title": "ResultStatusUpdateRecord",
        "type": "object",
        "properties": {
          "trfLastGeneratedDateTimeUTC": {
            "type": "string",
            "description": "Date and time at which latest TRF was generated",
            "format": "date-time",
            "example": "2020-01-01T00:00:00Z"
          },
          "resultInTransitDateTimeUTC": {
            "type": "string",
            "description": "Date and time when result moved from Result Management to Result Delivery. It remains till the results are passed in to Result Management.",
            "format": "date-time",
            "example": "2020-01-01T00:00:00Z"
          },
          "locationId": {
            "type": "integer",
            "example": 21339,
            "description": "Id of the Location at which test was taken"
          },
          "sitting": {
            "type": "integer",
            "description": "Sitting Number of Test taker. This field is required only for PB.",
            "example": 1
          },
          "testDate": {
            "type": "string",
            "description": "date at which the test was conducted",
            "format": "date",
            "example": "2020-01-01"
          },
          "resultsStatusChangeDateTimeUTC": {
            "type": "string",
            "description": "date and time at which the result status is changed",
            "format": "date-time",
            "example": "2020-01-01T00:00:00Z"
          },
          "resultStatusDetail": {
            "type": "string",
            "description": "Detailed description of the result status",
            "example": ""
          },
          "resultStatusSummary": {
            "type": "string",
            "example": "Withheld",
            "description": "Status of the test taker results"
          },
          "compositeCandidateNumber": {
            "type": "string",
            "description": "TestCentreId|UK FINANCIAL YEAR YY FORMAT|shortCandidateNumber|",
            "example": "AU24020123456"
          },
          "testCentreId": {
            "type": "string",
            "description": "Id of the test centre chosen by the Test taker",
            "example": "AU232"
          },
          "sessionId": {
            "type": "integer",
            "example": 12345,
            "description": "Id of the session ( Only for PB )"
          },
          "testFormat": {
            "type": "string",
            "enum": [
              "CB",
              "PB"
            ],
            "example": "CB"
          },
          "productId": {
            "type": "integer",
            "description": "Id of product chosen by the test taker",
            "example": 1234
          },
          "bookingId": {
            "type": "integer",
            "description": "Id of the booking as per CMDS",
            "example": 123
          },
          "externalBookingId": {
            "type": "string",
            "description": "Booking Id as per ORS system",
            "example": 123123
          },
          "eventDescription": {
            "type": "string",
            "description": "description of the event",
            "example": "none"
          },
          "testTakerId": {
            "type": "integer",
            "description": "Id of the test taker as per CMDS - NULLABLE",
            "example": 123
          },
          "recordId": {
            "type": "string",
            "description": "Id of the Test Report Form record",
            "format": "uuid",
            "example": "3a2b7a1316174214a5de0311c24c972b"
          }
        },
        "required": [
          "locationId",
          "testDate",
          "compositeCandidateNumber",
          "testCentreId",
          "productId",
          "bookingId",
          "externalBookingId",
          "recordId"
        ]
      }
    },
    "securitySchemes": {
      "BCMockBearerToken": {
        "type": "http",
        "scheme": "bearer"
      }
    }
  },
  "security": [
    {
      "BCMockBearerToken": []
    }
  ]
}
